appointmentId,clientId,role,serviceProviderId,subject
1,233021379,appointmentsHairDresser,832513448,"[""פן"", ""צבע"", ""החלקה"", ""גוונים""]"
2,863966014,appointmentsHairDresser,087458946,"[""החלקה"", ""תספורת"", ""פן"", ""גוונים""]"
3,388351501,appointmentsHairDresser,525391059,"[""גוונים"", ""צבע"", ""החלקה"", ""פן""]"
4,921263865,appointmentsHairDresser,303017057,"[""החלקה"", ""גוונים"", ""פן"", ""צבע""]"
5,940975054,appointmentsHairDresser,231885469,"[""תספורת"", ""פן"", ""החלקה"", ""צבע""]"
6,293970060,appointmentsDentist,329445822,"[""עקירה"", ""ניקוי"", ""טיפול שורש"", ""יישור שיניים""]"
7,920915024,appointmentsDentist,443108577,"[""עקירה"", ""טיפול שורש"", ""יישור שיניים"", ""שיננית""]"
8,563111540,appointmentsHairDresser,311406006,"[""צבע"", ""החלקה"", ""פן"", ""תספורת""]"
9,377340982,appointmentsDentist,915997193,"[""עקירה"", ""שיננית"", ""טיפול שורש"", ""ניקוי""]"
10,706567925,appointmentsHairDresser,277894686,"[""צבע"", ""תספורת"", ""גוונים"", ""החלקה""]"
11,291876771,appointmentsHairDresser,958442098,"[""גוונים"", ""תספורת"", ""החלקה"", ""פן""]"
12,075717905,appointmentsHairDresser,885126211,"[""פן"", ""גוונים"", ""תספורת"", ""צבע""]"
13,673008391,appointmentsHairDresser,279292347,"[""גוונים"", ""תספורת"", ""החלקה"", ""צבע""]"
14,760924784,appointmentsHairDresser,028905619,"[""צבע"", ""החלקה"", ""פן"", ""תספורת""]"
15,681378872,appointmentsDentist,341301511,"[""טיפול שורש"", ""עקירה"", ""שיננית"", ""יישור שיניים""]"
16,052957237,appointmentsHairDresser,678936616,"[""החלקה"", ""תספורת"", ""פן"", ""צבע""]"
17,018760464,appointmentsHairDresser,406660923,"[""גוונים"", ""תספורת"", ""צבע"", ""פן""]"
18,164598040,appointmentsHairDresser,677474238,"[""החלקה"", ""צבע"", ""תספורת"", ""גוונים""]"
19,894594679,appointmentsHairDresser,064380420,"[""גוונים"", ""פן"", ""החלקה"", ""תספורת""]"
20,034998466,appointmentsHairDresser,885126211,"[""פן"", ""גוונים"", ""תספורת"", ""צבע""]"
21,291876771,appointmentsDentist,795376926,"[""טיפול שורש"", ""עקירה"", ""שיננית"", ""יישור שיניים""]"
22,654074593,appointmentsDentist,423866375,"[""עקירה"", ""שיננית"", ""ניקוי"", ""יישור שיניים""]"
23,799114607,appointmentsHairDresser,376475185,"[""צבע"", ""פן"", ""גוונים"", ""החלקה""]"
24,497245534,appointmentsDentist,585209142,"[""יישור שיניים"", ""עקירה"", ""ניקוי"", ""טיפול שורש""]"
25,061713539,appointmentsDentist,267008970,"[""שיננית"", ""טיפול שורש"", ""עקירה"", ""ניקוי""]"
26,294866175,appointmentsHairDresser,754100540,"[""תספורת"", ""פן"", ""צבע"", ""החלקה""]"
27,092445625,appointmentsHairDresser,848519781,"[""צבע"", ""גוונים"", ""תספורת"", ""החלקה""]"
28,871301848,appointmentsDentist,505110252,"[""שיננית"", ""יישור שיניים"", ""טיפול שורש"", ""ניקוי""]"
29,440494554,appointmentsHairDresser,833651313,"[""צבע"", ""החלקה"", ""גוונים"", ""תספורת""]"
30,341301511,appointmentsHairDresser,082532921,"[""פן"", ""גוונים"", ""החלקה"", ""צבע""]"
31,891476972,appointmentsHairDresser,518443215,"[""תספורת"", ""גוונים"", ""החלקה"", ""פן""]"
32,659177074,appointmentsHairDresser,704023361,"[""פן"", ""החלקה"", ""גוונים"", ""צבע""]"
33,385816548,appointmentsHairDresser,560321102,"[""פן"", ""החלקה"", ""גוונים"", ""צבע""]"
34,055867917,appointmentsHairDresser,549963652,"[""החלקה"", ""גוונים"", ""צבע"", ""תספורת""]"
35,733017154,appointmentsDentist,560176995,"[""שיננית"", ""טיפול שורש"", ""ניקוי"", ""יישור שיניים""]"
36,350652952,appointmentsHairDresser,565083593,"[""תספורת"", ""צבע"", ""החלקה"", ""גוונים""]"
37,231885469,appointmentsHairDresser,906075728,"[""צבע"", ""החלקה"", ""גוונים"", ""פן""]"
38,862341815,appointmentsHairDresser,906075728,"[""צבע"", ""החלקה"", ""גוונים"", ""פן""]"
39,798486511,appointmentsDentist,187206917,"[""ניקוי"", ""שיננית"", ""טיפול שורש"", ""עקירה""]"
40,862761099,appointmentsHairDresser,203895641,"[""פן"", ""תספורת"", ""גוונים"", ""החלקה""]"
41,539415861,appointmentsHairDresser,162631453,"[""תספורת"", ""גוונים"", ""החלקה"", ""צבע""]"
42,894017438,appointmentsHairDresser,543709257,"[""צבע"", ""תספורת"", ""החלקה"", ""גוונים""]"
43,076356897,appointmentsDentist,002675952,"[""טיפול שורש"", ""יישור שיניים"", ""ניקוי"", ""עקירה""]"
44,436759840,appointmentsDentist,443108577,"[""עקירה"", ""טיפול שורש"", ""יישור שיניים"", ""שיננית""]"
45,621775433,appointmentsHairDresser,203895641,"[""פן"", ""תספורת"", ""גוונים"", ""החלקה""]"
46,337248976,appointmentsHairDresser,500655545,"[""החלקה"", ""פן"", ""צבע"", ""גוונים""]"
47,047616626,appointmentsHairDresser,117402902,"[""פן"", ""צבע"", ""תספורת"", ""החלקה""]"
48,608266886,appointmentsDentist,013538751,"[""טיפול שורש"", ""יישור שיניים"", ""ניקוי"", ""שיננית""]"
49,021530909,appointmentsHairDresser,162631453,"[""תספורת"", ""גוונים"", ""החלקה"", ""צבע""]"
50,422345289,appointmentsHairDresser,590552161,"[""החלקה"", ""צבע"", ""תספורת"", ""פן""]"
51,801892732,appointmentsDentist,418110517,"[""שיננית"", ""עקירה"", ""יישור שיניים"", ""טיפול שורש""]"
52,892435077,appointmentsHairDresser,516169863,"[""צבע"", ""פן"", ""תספורת"", ""החלקה""]"
53,423203338,appointmentsHairDresser,162631453,"[""תספורת"", ""גוונים"", ""החלקה"", ""צבע""]"
54,074040626,appointmentsHairDresser,560321102,"[""פן"", ""החלקה"", ""גוונים"", ""צבע""]"
55,006308332,appointmentsDentist,825553521,"[""עקירה"", ""טיפול שורש"", ""ניקוי"", ""יישור שיניים""]"
56,765888198,appointmentsDentist,528822171,"[""שיננית"", ""ניקוי"", ""עקירה"", ""יישור שיניים""]"
57,052957237,appointmentsDentist,468254910,"[""שיננית"", ""טיפול שורש"", ""עקירה"", ""יישור שיניים""]"
58,146544828,appointmentsHairDresser,958442098,"[""גוונים"", ""תספורת"", ""החלקה"", ""פן""]"
59,871964309,appointmentsDentist,563111540,"[""טיפול שורש"", ""עקירה"", ""יישור שיניים"", ""שיננית""]"
60,555198868,appointmentsDentist,419271646,"[""טיפול שורש"", ""ניקוי"", ""עקירה"", ""שיננית""]"
61,364111822,appointmentsDentist,493121602,"[""שיננית"", ""טיפול שורש"", ""ניקוי"", ""עקירה""]"
62,736476867,appointmentsHairDresser,082532921,"[""פן"", ""גוונים"", ""החלקה"", ""צבע""]"
63,721055717,appointmentsHairDresser,317534242,"[""צבע"", ""החלקה"", ""תספורת"", ""פן""]"
64,439415245,appointmentsHairDresser,082532921,"[""פן"", ""גוונים"", ""החלקה"", ""צבע""]"
65,394761269,appointmentsHairDresser,770496987,"[""גוונים"", ""תספורת"", ""צבע"", ""פן""]"
66,510454169,appointmentsDentist,423866375,"[""עקירה"", ""שיננית"", ""ניקוי"", ""יישור שיניים""]"
67,583795824,appointmentsHairDresser,815818301,"[""גוונים"", ""החלקה"", ""תספורת"", ""פן""]"
68,656679288,appointmentsHairDresser,815818301,"[""גוונים"", ""החלקה"", ""תספורת"", ""פן""]"
69,062351869,appointmentsDentist,443945705,"[""עקירה"", ""יישור שיניים"", ""ניקוי"", ""שיננית""]"
70,734445293,appointmentsHairDresser,440077642,"[""החלקה"", ""פן"", ""גוונים"", ""צבע""]"
71,422771209,appointmentsDentist,708668747,"[""טיפול שורש"", ""יישור שיניים"", ""ניקוי"", ""עקירה""]"
72,443808602,appointmentsDentist,002675952,"[""טיפול שורש"", ""יישור שיניים"", ""ניקוי"", ""עקירה""]"
73,134892183,appointmentsHairDresser,440077642,"[""החלקה"", ""פן"", ""גוונים"", ""צבע""]"
74,456815142,appointmentsHairDresser,225106556,"[""צבע"", ""פן"", ""גוונים"", ""תספורת""]"
75,802174985,appointmentsHairDresser,255896305,"[""צבע"", ""גוונים"", ""פן"", ""החלקה""]"
76,608266886,appointmentsDentist,516186140,"[""יישור שיניים"", ""עקירה"", ""שיננית"", ""טיפול שורש""]"
77,434167499,appointmentsDentist,673008391,"[""עקירה"", ""ניקוי"", ""שיננית"", ""טיפול שורש""]"
78,679410047,appointmentsDentist,053594577,"[""עקירה"", ""ניקוי"", ""יישור שיניים"", ""טיפול שורש""]"
79,863966014,appointmentsHairDresser,706567925,"[""תספורת"", ""גוונים"", ""פן"", ""צבע""]"
80,443945705,appointmentsDentist,144600433,"[""יישור שיניים"", ""ניקוי"", ""שיננית"", ""עקירה""]"
81,099893469,appointmentsHairDresser,265020582,"[""תספורת"", ""צבע"", ""פן"", ""גוונים""]"
82,264810214,appointmentsHairDresser,277894686,"[""צבע"", ""תספורת"", ""גוונים"", ""החלקה""]"
83,540596484,appointmentsDentist,187206917,"[""ניקוי"", ""שיננית"", ""טיפול שורש"", ""עקירה""]"
84,942485691,appointmentsHairDresser,117402902,"[""פן"", ""צבע"", ""תספורת"", ""החלקה""]"
85,110597906,appointmentsHairDresser,180429765,"[""החלקה"", ""גוונים"", ""צבע"", ""פן""]"
86,933079674,appointmentsDentist,361017902,"[""יישור שיניים"", ""טיפול שורש"", ""עקירה"", ""ניקוי""]"
87,348390911,appointmentsDentist,443945705,"[""עקירה"", ""יישור שיניים"", ""ניקוי"", ""שיננית""]"
88,925676383,appointmentsDentist,708668747,"[""טיפול שורש"", ""יישור שיניים"", ""ניקוי"", ""עקירה""]"
89,049810378,appointmentsDentist,493121602,"[""שיננית"", ""טיפול שורש"", ""ניקוי"", ""עקירה""]"
90,326418860,appointmentsHairDresser,231885469,"[""תספורת"", ""פן"", ""החלקה"", ""צבע""]"
91,584132402,appointmentsDentist,095793764,"[""ניקוי"", ""טיפול שורש"", ""יישור שיניים"", ""עקירה""]"
92,305771879,appointmentsHairDresser,117402902,"[""פן"", ""צבע"", ""תספורת"", ""החלקה""]"
93,261837029,appointmentsHairDresser,278702509,"[""החלקה"", ""תספורת"", ""פן"", ""גוונים""]"
94,264792793,appointmentsDentist,925676383,"[""ניקוי"", ""עקירה"", ""שיננית"", ""טיפול שורש""]"
95,418471257,appointmentsDentist,505110252,"[""שיננית"", ""יישור שיניים"", ""טיפול שורש"", ""ניקוי""]"
96,251359195,appointmentsHairDresser,333832610,"[""פן"", ""גוונים"", ""החלקה"", ""תספורת""]"
97,982922623,appointmentsDentist,940754796,"[""יישור שיניים"", ""שיננית"", ""טיפול שורש"", ""עקירה""]"
98,949786219,appointmentsHairDresser,774350597,"[""פן"", ""תספורת"", ""גוונים"", ""החלקה""]"
99,605064573,appointmentsHairDresser,121806052,"[""פן"", ""צבע"", ""תספורת"", ""גוונים""]"
100,375645667,appointmentsHairDresser,452677408,"[""החלקה"", ""גוונים"", ""פן"", ""צבע""]"
101,753073939,appointmentsHairDresser,705570488,"[""החלקה"", ""תספורת"", ""פן"", ""צבע""]"
102,597790271,appointmentsDentist,473739707,"[""יישור שיניים"", ""ניקוי"", ""טיפול שורש"", ""עקירה""]"
103,335612899,appointmentsHairDresser,303017057,"[""החלקה"", ""גוונים"", ""פן"", ""צבע""]"
104,898191608,appointmentsDentist,053594577,"[""עקירה"", ""ניקוי"", ""יישור שיניים"", ""טיפול שורש""]"
105,605064573,appointmentsHairDresser,628893174,"[""החלקה"", ""תספורת"", ""פן"", ""צבע""]"
106,654074593,appointmentsHairDresser,136677787,"[""תספורת"", ""גוונים"", ""פן"", ""החלקה""]"
107,255605535,appointmentsHairDresser,516169863,"[""צבע"", ""פן"", ""תספורת"", ""החלקה""]"
108,487691880,appointmentsDentist,310950424,"[""ניקוי"", ""עקירה"", ""יישור שיניים"", ""טיפול שורש""]"
109,182620984,appointmentsHairDresser,706567925,"[""תספורת"", ""גוונים"", ""פן"", ""צבע""]"
110,863003871,appointmentsHairDresser,201737043,"[""צבע"", ""פן"", ""החלקה"", ""תספורת""]"
111,039523069,appointmentsHairDresser,500655545,"[""החלקה"", ""פן"", ""צבע"", ""גוונים""]"
112,373031318,appointmentsHairDresser,317534242,"[""צבע"", ""החלקה"", ""תספורת"", ""פן""]"
113,656002783,appointmentsHairDresser,677474238,"[""החלקה"", ""צבע"", ""תספורת"", ""גוונים""]"
114,815846429,appointmentsHairDresser,277894686,"[""צבע"", ""תספורת"", ""גוונים"", ""החלקה""]"
115,325622412,appointmentsDentist,767592302,"[""ניקוי"", ""טיפול שורש"", ""שיננית"", ""יישור שיניים""]"
116,625430991,appointmentsDentist,481482909,"[""יישור שיניים"", ""עקירה"", ""שיננית"", ""טיפול שורש""]"
117,293614497,appointmentsHairDresser,303017057,"[""החלקה"", ""גוונים"", ""פן"", ""צבע""]"
118,923032923,appointmentsDentist,180017380,"[""טיפול שורש"", ""ניקוי"", ""שיננית"", ""עקירה""]"
119,770265700,appointmentsDentist,471568025,"[""עקירה"", ""ניקוי"", ""טיפול שורש"", ""שיננית""]"
120,551593733,appointmentsDentist,419271646,"[""טיפול שורש"", ""ניקוי"", ""עקירה"", ""שיננית""]"
121,742256481,appointmentsHairDresser,525391059,"[""גוונים"", ""צבע"", ""החלקה"", ""פן""]"
122,438516472,appointmentsHairDresser,885126211,"[""פן"", ""גוונים"", ""תספורת"", ""צבע""]"
123,934444007,appointmentsHairDresser,514453573,"[""החלקה"", ""תספורת"", ""פן"", ""גוונים""]"
124,102328800,appointmentsHairDresser,264810214,"[""החלקה"", ""צבע"", ""תספורת"", ""גוונים""]"
125,642466894,appointmentsDentist,724568381,"[""טיפול שורש"", ""יישור שיניים"", ""ניקוי"", ""שיננית""]"
126,640991861,appointmentsDentist,516186140,"[""יישור שיניים"", ""עקירה"", ""שיננית"", ""טיפול שורש""]"
127,505318184,appointmentsDentist,545825500,"[""עקירה"", ""טיפול שורש"", ""יישור שיניים"", ""שיננית""]"
128,871052623,appointmentsHairDresser,303017057,"[""החלקה"", ""גוונים"", ""פן"", ""צבע""]"
129,597790271,appointmentsHairDresser,677474238,"[""החלקה"", ""צבע"", ""תספורת"", ""גוונים""]"
130,966042854,appointmentsDentist,561933550,"[""טיפול שורש"", ""שיננית"", ""ניקוי"", ""עקירה""]"
131,243699951,appointmentsHairDresser,143327192,"[""גוונים"", ""החלקה"", ""תספורת"", ""פן""]"
132,678936616,appointmentsDentist,863966014,"[""ניקוי"", ""טיפול שורש"", ""עקירה"", ""שיננית""]"
133,818821746,appointmentsHairDresser,317534242,"[""צבע"", ""החלקה"", ""תספורת"", ""פן""]"
134,012981051,appointmentsDentist,724568381,"[""טיפול שורש"", ""יישור שיניים"", ""ניקוי"", ""שיננית""]"
135,205848263,appointmentsDentist,317173284,"[""שיננית"", ""עקירה"", ""יישור שיניים"", ""טיפול שורש""]"
136,600385201,appointmentsHairDresser,231885469,"[""תספורת"", ""פן"", ""החלקה"", ""צבע""]"
137,612055548,appointmentsDentist,952484274,"[""טיפול שורש"", ""יישור שיניים"", ""שיננית"", ""עקירה""]"
138,219247738,appointmentsHairDresser,861927188,"[""החלקה"", ""גוונים"", ""תספורת"", ""צבע""]"
139,375645667,appointmentsDentist,925676383,"[""ניקוי"", ""עקירה"", ""שיננית"", ""טיפול שורש""]"
140,611721739,appointmentsHairDresser,677474238,"[""החלקה"", ""צבע"", ""תספורת"", ""גוונים""]"
141,770794953,appointmentsDentist,818821746,"[""טיפול שורש"", ""ניקוי"", ""שיננית"", ""עקירה""]"
142,301155166,appointmentsDentist,468254910,"[""שיננית"", ""טיפול שורש"", ""עקירה"", ""יישור שיניים""]"
143,377340982,appointmentsHairDresser,984638008,"[""פן"", ""גוונים"", ""תספורת"", ""החלקה""]"
144,810828693,appointmentsDentist,468254910,"[""שיננית"", ""טיפול שורש"", ""עקירה"", ""יישור שיניים""]"
145,655802590,appointmentsDentist,033012701,"[""ניקוי"", ""שיננית"", ""טיפול שורש"", ""יישור שיניים""]"
146,572553098,appointmentsDentist,397499061,"[""ניקוי"", ""יישור שיניים"", ""טיפול שורש"", ""שיננית""]"
147,266509197,appointmentsHairDresser,255896305,"[""צבע"", ""גוונים"", ""פן"", ""החלקה""]"
148,971739178,appointmentsDentist,013538751,"[""טיפול שורש"", ""יישור שיניים"", ""ניקוי"", ""שיננית""]"
149,952425516,appointmentsHairDresser,861927188,"[""החלקה"", ""גוונים"", ""תספורת"", ""צבע""]"
150,480047487,appointmentsHairDresser,994032568,"[""תספורת"", ""פן"", ""החלקה"", ""צבע""]"
151,648449677,appointmentsHairDresser,754100540,"[""תספורת"", ""פן"", ""צבע"", ""החלקה""]"
152,312572929,appointmentsHairDresser,330781628,"[""החלקה"", ""תספורת"", ""פן"", ""צבע""]"
153,681856736,appointmentsHairDresser,264810214,"[""החלקה"", ""צבע"", ""תספורת"", ""גוונים""]"
154,012981051,appointmentsDentist,561933550,"[""טיפול שורש"", ""שיננית"", ""ניקוי"", ""עקירה""]"
155,326031543,appointmentsDentist,341301511,"[""טיפול שורש"", ""עקירה"", ""שיננית"", ""יישור שיניים""]"
156,260511870,appointmentsHairDresser,980783596,"[""פן"", ""גוונים"", ""החלקה"", ""תספורת""]"
157,626225718,appointmentsHairDresser,087458946,"[""החלקה"", ""תספורת"", ""פן"", ""גוונים""]"
158,562735726,appointmentsDentist,710906231,"[""יישור שיניים"", ""טיפול שורש"", ""שיננית"", ""ניקוי""]"
159,681735219,appointmentsDentist,940754796,"[""יישור שיניים"", ""שיננית"", ""טיפול שורש"", ""עקירה""]"
160,281904207,appointmentsHairDresser,311406006,"[""צבע"", ""החלקה"", ""פן"", ""תספורת""]"
161,011947902,appointmentsHairDresser,514453573,"[""החלקה"", ""תספורת"", ""פן"", ""גוונים""]"
162,364111822,appointmentsHairDresser,966042854,"[""תספורת"", ""פן"", ""גוונים"", ""צבע""]"
163,262788041,appointmentsHairDresser,264810214,"[""החלקה"", ""צבע"", ""תספורת"", ""גוונים""]"
164,320664765,appointmentsHairDresser,143327192,"[""גוונים"", ""החלקה"", ""תספורת"", ""פן""]"
165,496718901,appointmentsHairDresser,664006767,"[""החלקה"", ""צבע"", ""פן"", ""תספורת""]"
166,984638008,appointmentsDentist,317173284,"[""שיננית"", ""עקירה"", ""יישור שיניים"", ""טיפול שורש""]"
167,176498699,appointmentsDentist,471568025,"[""עקירה"", ""ניקוי"", ""טיפול שורש"", ""שיננית""]"
168,243524998,appointmentsDentist,361017902,"[""יישור שיניים"", ""טיפול שורש"", ""עקירה"", ""ניקוי""]"
169,383861881,appointmentsHairDresser,264810214,"[""החלקה"", ""צבע"", ""תספורת"", ""גוונים""]"
170,687500122,appointmentsHairDresser,402968085,"[""פן"", ""תספורת"", ""צבע"", ""גוונים""]"
171,728202745,appointmentsHairDresser,376475185,"[""צבע"", ""פן"", ""גוונים"", ""החלקה""]"
172,770057641,appointmentsHairDresser,358116332,"[""צבע"", ""החלקה"", ""גוונים"", ""תספורת""]"
173,734445293,appointmentsDentist,428811114,"[""יישור שיניים"", ""טיפול שורש"", ""עקירה"", ""ניקוי""]"
174,585566509,appointmentsHairDresser,985364823,"[""גוונים"", ""פן"", ""החלקה"", ""צבע""]"
175,871052623,appointmentsHairDresser,440077642,"[""החלקה"", ""פן"", ""גוונים"", ""צבע""]"
176,951329068,appointmentsHairDresser,358116332,"[""צבע"", ""החלקה"", ""גוונים"", ""תספורת""]"
177,559630985,appointmentsDentist,925676383,"[""ניקוי"", ""עקירה"", ""שיננית"", ""טיפול שורש""]"
178,229081334,appointmentsDentist,175504767,"[""שיננית"", ""טיפול שורש"", ""יישור שיניים"", ""עקירה""]"
179,176498699,appointmentsDentist,516186140,"[""יישור שיניים"", ""עקירה"", ""שיננית"", ""טיפול שורש""]"
180,733017154,appointmentsHairDresser,278702509,"[""החלקה"", ""תספורת"", ""פן"", ""גוונים""]"
181,273478449,appointmentsHairDresser,201737043,"[""צבע"", ""פן"", ""החלקה"", ""תספורת""]"
182,246129760,appointmentsDentist,329445822,"[""עקירה"", ""ניקוי"", ""טיפול שורש"", ""יישור שיניים""]"
183,767592302,appointmentsHairDresser,985364823,"[""גוונים"", ""פן"", ""החלקה"", ""צבע""]"
184,960766683,appointmentsHairDresser,500655545,"[""החלקה"", ""פן"", ""צבע"", ""גוונים""]"
185,133047101,appointmentsDentist,267008970,"[""שיננית"", ""טיפול שורש"", ""עקירה"", ""ניקוי""]"
186,058454827,appointmentsHairDresser,966042854,"[""תספורת"", ""פן"", ""גוונים"", ""צבע""]"
187,253513340,appointmentsHairDresser,833651313,"[""צבע"", ""החלקה"", ""גוונים"", ""תספורת""]"
188,505318184,appointmentsHairDresser,861927188,"[""החלקה"", ""גוונים"", ""תספורת"", ""צבע""]"
189,897000613,appointmentsHairDresser,704023361,"[""פן"", ""החלקה"", ""גוונים"", ""צבע""]"
190,440095447,appointmentsDentist,505110252,"[""שיננית"", ""יישור שיניים"", ""טיפול שורש"", ""ניקוי""]"
191,635310198,appointmentsHairDresser,317534242,"[""צבע"", ""החלקה"", ""תספורת"", ""פן""]"
192,032943552,appointmentsHairDresser,082532921,"[""פן"", ""גוונים"", ""החלקה"", ""צבע""]"
193,695780763,appointmentsHairDresser,358116332,"[""צבע"", ""החלקה"", ""גוונים"", ""תספורת""]"
194,968728845,appointmentsDentist,468254910,"[""שיננית"", ""טיפול שורש"", ""עקירה"", ""יישור שיניים""]"
195,163045572,appointmentsHairDresser,255896305,"[""צבע"", ""גוונים"", ""פן"", ""החלקה""]"
196,842414799,appointmentsHairDresser,500655545,"[""החלקה"", ""פן"", ""צבע"", ""גוונים""]"
197,263875987,appointmentsDentist,724568381,"[""טיפול שורש"", ""יישור שיניים"", ""ניקוי"", ""שיננית""]"
198,867244889,appointmentsDentist,095793764,"[""ניקוי"", ""טיפול שורש"", ""יישור שיניים"", ""עקירה""]"
199,397499061,appointmentsHairDresser,510313897,"[""תספורת"", ""פן"", ""גוונים"", ""החלקה""]"
200,074040626,appointmentsDentist,544359761,"[""יישור שיניים"", ""טיפול שורש"", ""ניקוי"", ""שיננית""]"
201,339805031,appointmentsDentist,786587078,"[""טיפול שורש"", ""ניקוי"", ""יישור שיניים"", ""שיננית""]"
202,209853116,appointmentsHairDresser,265020582,"[""תספורת"", ""צבע"", ""פן"", ""גוונים""]"
203,299481825,appointmentsDentist,468254910,"[""שיננית"", ""טיפול שורש"", ""עקירה"", ""יישור שיניים""]"
204,754100540,appointmentsHairDresser,681378872,"[""פן"", ""החלקה"", ""צבע"", ""גוונים""]"
205,333543019,appointmentsDentist,650304743,"[""טיפול שורש"", ""ניקוי"", ""יישור שיניים"", ""עקירה""]"
206,420927123,appointmentsHairDresser,489675695,"[""פן"", ""תספורת"", ""גוונים"", ""החלקה""]"
207,770513428,appointmentsHairDresser,832513448,"[""פן"", ""צבע"", ""החלקה"", ""גוונים""]"
208,983895757,appointmentsDentist,423866375,"[""עקירה"", ""שיננית"", ""ניקוי"", ""יישור שיניים""]"
209,535879197,appointmentsDentist,667716327,"[""עקירה"", ""ניקוי"", ""שיננית"", ""טיפול שורש""]"
210,474505687,appointmentsHairDresser,225106556,"[""צבע"", ""פן"", ""גוונים"", ""תספורת""]"
211,898191608,appointmentsHairDresser,549963652,"[""החלקה"", ""גוונים"", ""צבע"", ""תספורת""]"
212,143327192,appointmentsHairDresser,464406990,"[""פן"", ""החלקה"", ""גוונים"", ""תספורת""]"
213,317005946,appointmentsHairDresser,483022715,"[""צבע"", ""פן"", ""גוונים"", ""תספורת""]"
214,422345289,appointmentsHairDresser,136677787,"[""תספורת"", ""גוונים"", ""פן"", ""החלקה""]"
215,381128097,appointmentsHairDresser,053824737,"[""תספורת"", ""גוונים"", ""צבע"", ""פן""]"
216,788547703,appointmentsHairDresser,330781628,"[""החלקה"", ""תספורת"", ""פן"", ""צבע""]"
217,143327192,appointmentsDentist,561933550,"[""טיפול שורש"", ""שיננית"", ""ניקוי"", ""עקירה""]"
218,049426216,appointmentsHairDresser,500655545,"[""החלקה"", ""פן"", ""צבע"", ""גוונים""]"
219,568462686,appointmentsHairDresser,201737043,"[""צבע"", ""פן"", ""החלקה"", ""תספורת""]"
220,446816871,appointmentsDentist,033012701,"[""ניקוי"", ""שיננית"", ""טיפול שורש"", ""יישור שיניים""]"
221,456815142,appointmentsHairDresser,560321102,"[""פן"", ""החלקה"", ""גוונים"", ""צבע""]"
222,983148773,appointmentsHairDresser,278702509,"[""החלקה"", ""תספורת"", ""פן"", ""גוונים""]"
223,052957237,appointmentsDentist,229971094,"[""יישור שיניים"", ""ניקוי"", ""עקירה"", ""טיפול שורש""]"
224,042362945,appointmentsHairDresser,406660923,"[""גוונים"", ""תספורת"", ""צבע"", ""פן""]"
225,845902065,appointmentsHairDresser,452677408,"[""החלקה"", ""גוונים"", ""פן"", ""צבע""]"
226,392310933,appointmentsDentist,952484274,"[""טיפול שורש"", ""יישור שיניים"", ""שיננית"", ""עקירה""]"
227,721918870,appointmentsHairDresser,271635459,"[""פן"", ""תספורת"", ""צבע"", ""גוונים""]"
228,816846683,appointmentsHairDresser,053824737,"[""תספורת"", ""גוונים"", ""צבע"", ""פן""]"
229,385405751,appointmentsHairDresser,770496987,"[""גוונים"", ""תספורת"", ""צבע"", ""פן""]"
230,082000655,appointmentsHairDresser,376475185,"[""צבע"", ""פן"", ""גוונים"", ""החלקה""]"
231,595215287,appointmentsHairDresser,211127786,"[""גוונים"", ""צבע"", ""החלקה"", ""תספורת""]"
232,842414799,appointmentsHairDresser,143327192,"[""גוונים"", ""החלקה"", ""תספורת"", ""פן""]"
233,415386573,appointmentsHairDresser,678936616,"[""החלקה"", ""תספורת"", ""פן"", ""צבע""]"
234,868226320,appointmentsDentist,560176995,"[""שיננית"", ""טיפול שורש"", ""ניקוי"", ""יישור שיניים""]"
235,049426216,appointmentsHairDresser,678936616,"[""החלקה"", ""תספורת"", ""פן"", ""צבע""]"
236,161604557,appointmentsDentist,708668747,"[""טיפול שורש"", ""יישור שיניים"", ""ניקוי"", ""עקירה""]"
237,480047487,appointmentsHairDresser,431992650,"[""צבע"", ""תספורת"", ""החלקה"", ""פן""]"
238,295250257,appointmentsDentist,991392499,"[""יישור שיניים"", ""ניקוי"", ""שיננית"", ""עקירה""]"
239,142257709,appointmentsHairDresser,136677787,"[""תספורת"", ""גוונים"", ""פן"", ""החלקה""]"
240,116789418,appointmentsDentist,229971094,"[""יישור שיניים"", ""ניקוי"", ""עקירה"", ""טיפול שורש""]"
241,968162389,appointmentsHairDresser,358116332,"[""צבע"", ""החלקה"", ""גוונים"", ""תספורת""]"
242,386674212,appointmentsDentist,443108577,"[""עקירה"", ""טיפול שורש"", ""יישור שיניים"", ""שיננית""]"
243,362433871,appointmentsDentist,024897126,"[""טיפול שורש"", ""עקירה"", ""ניקוי"", ""יישור שיניים""]"
244,657101496,appointmentsHairDresser,279292347,"[""גוונים"", ""תספורת"", ""החלקה"", ""צבע""]"
245,629699704,appointmentsDentist,940754796,"[""יישור שיניים"", ""שיננית"", ""טיפול שורש"", ""עקירה""]"
246,278129156,appointmentsDentist,960766683,"[""ניקוי"", ""טיפול שורש"", ""יישור שיניים"", ""עקירה""]"
247,182620984,appointmentsHairDresser,338076575,"[""צבע"", ""תספורת"", ""פן"", ""גוונים""]"
248,002675952,appointmentsHairDresser,225106556,"[""צבע"", ""פן"", ""גוונים"", ""תספורת""]"
249,666106654,appointmentsDentist,187206917,"[""ניקוי"", ""שיננית"", ""טיפול שורש"", ""עקירה""]"
250,985364823,appointmentsDentist,419271646,"[""טיפול שורש"", ""ניקוי"", ""עקירה"", ""שיננית""]"
251,837235000,appointmentsDentist,180017380,"[""טיפול שורש"", ""ניקוי"", ""שיננית"", ""עקירה""]"
252,187206917,appointmentsHairDresser,143327192,"[""גוונים"", ""החלקה"", ""תספורת"", ""פן""]"
253,164387830,appointmentsHairDresser,338076575,"[""צבע"", ""תספורת"", ""פן"", ""גוונים""]"
254,199430601,appointmentsHairDresser,966042854,"[""תספורת"", ""פן"", ""גוונים"", ""צבע""]"
255,444543787,appointmentsDentist,468254910,"[""שיננית"", ""טיפול שורש"", ""עקירה"", ""יישור שיניים""]"
256,635310198,appointmentsHairDresser,543709257,"[""צבע"", ""תספורת"", ""החלקה"", ""גוונים""]"
257,667716327,appointmentsDentist,528822171,"[""שיננית"", ""ניקוי"", ""עקירה"", ""יישור שיניים""]"
258,528291503,appointmentsHairDresser,705570488,"[""החלקה"", ""תספורת"", ""פן"", ""צבע""]"
259,650304743,appointmentsDentist,673008391,"[""עקירה"", ""ניקוי"", ""שיננית"", ""טיפול שורש""]"
260,459367125,appointmentsHairDresser,107448715,"[""תספורת"", ""פן"", ""צבע"", ""גוונים""]"
261,009805535,appointmentsDentist,169657594,"[""ניקוי"", ""שיננית"", ""טיפול שורש"", ""עקירה""]"
262,985913207,appointmentsHairDresser,966042854,"[""תספורת"", ""פן"", ""גוונים"", ""צבע""]"
263,114646190,appointmentsHairDresser,770496987,"[""גוונים"", ""תספורת"", ""צבע"", ""פן""]"
264,442240499,appointmentsHairDresser,832513448,"[""פן"", ""צבע"", ""החלקה"", ""גוונים""]"
265,092376513,appointmentsHairDresser,560321102,"[""פן"", ""החלקה"", ""גוונים"", ""צבע""]"
266,137659282,appointmentsHairDresser,957538494,"[""צבע"", ""פן"", ""גוונים"", ""תספורת""]"
267,867141023,appointmentsDentist,443108577,"[""עקירה"", ""טיפול שורש"", ""יישור שיניים"", ""שיננית""]"
268,289828810,appointmentsDentist,443945705,"[""עקירה"", ""יישור שיניים"", ""ניקוי"", ""שיננית""]"
269,496718901,appointmentsHairDresser,489675695,"[""פן"", ""תספורת"", ""גוונים"", ""החלקה""]"
270,472647051,appointmentsDentist,584103598,"[""שיננית"", ""טיפול שורש"", ""יישור שיניים"", ""ניקוי""]"
271,546610241,appointmentsDentist,419271646,"[""טיפול שורש"", ""ניקוי"", ""עקירה"", ""שיננית""]"
272,500655545,appointmentsHairDresser,984638008,"[""פן"", ""גוונים"", ""תספורת"", ""החלקה""]"
273,281570894,appointmentsDentist,563111540,"[""טיפול שורש"", ""עקירה"", ""יישור שיניים"", ""שיננית""]"
274,798645079,appointmentsDentist,175504767,"[""שיננית"", ""טיפול שורש"", ""יישור שיניים"", ""עקירה""]"
275,770532085,appointmentsHairDresser,500655545,"[""החלקה"", ""פן"", ""צבע"", ""גוונים""]"
276,040910850,appointmentsHairDresser,143327192,"[""גוונים"", ""החלקה"", ""תספורת"", ""פן""]"
277,897714319,appointmentsDentist,144600433,"[""יישור שיניים"", ""ניקוי"", ""שיננית"", ""עקירה""]"
278,677075183,appointmentsDentist,795376926,"[""טיפול שורש"", ""עקירה"", ""שיננית"", ""יישור שיניים""]"
279,087406880,appointmentsHairDresser,514453573,"[""החלקה"", ""תספורת"", ""פן"", ""גוונים""]"
280,201737043,appointmentsHairDresser,402968085,"[""פן"", ""תספורת"", ""צבע"", ""גוונים""]"
281,650789863,appointmentsHairDresser,330781628,"[""החלקה"", ""תספורת"", ""פן"", ""צבע""]"
282,608266886,appointmentsHairDresser,590552161,"[""החלקה"", ""צבע"", ""תספורת"", ""פן""]"
283,760924784,appointmentsDentist,471568025,"[""עקירה"", ""ניקוי"", ""טיפול שורש"", ""שיננית""]"
284,966042854,appointmentsHairDresser,255896305,"[""צבע"", ""גוונים"", ""פן"", ""החלקה""]"
285,957538494,appointmentsDentist,037752878,"[""ניקוי"", ""שיננית"", ""טיפול שורש"", ""עקירה""]"
286,655802590,appointmentsHairDresser,402968085,"[""פן"", ""תספורת"", ""צבע"", ""גוונים""]"
287,270066677,appointmentsHairDresser,278702509,"[""החלקה"", ""תספורת"", ""פן"", ""גוונים""]"
288,326031543,appointmentsHairDresser,203895641,"[""פן"", ""תספורת"", ""גוונים"", ""החלקה""]"
289,489675695,appointmentsHairDresser,121806052,"[""פן"", ""צבע"", ""תספורת"", ""גוונים""]"
290,601108303,appointmentsDentist,445092317,"[""טיפול שורש"", ""עקירה"", ""שיננית"", ""ניקוי""]"
291,407427465,appointmentsDentist,863966014,"[""ניקוי"", ""טיפול שורש"", ""עקירה"", ""שיננית""]"
292,496956186,appointmentsDentist,445092317,"[""טיפול שורש"", ""עקירה"", ""שיננית"", ""ניקוי""]"
293,142257709,appointmentsDentist,560176995,"[""שיננית"", ""טיפול שורש"", ""ניקוי"", ""יישור שיניים""]"
294,434413646,appointmentsHairDresser,483022715,"[""צבע"", ""פן"", ""גוונים"", ""תספורת""]"
295,547623982,appointmentsHairDresser,774350597,"[""פן"", ""תספורת"", ""גוונים"", ""החלקה""]"
296,638601093,appointmentsDentist,545825500,"[""עקירה"", ""טיפול שורש"", ""יישור שיניים"", ""שיננית""]"
297,333832610,appointmentsDentist,708668747,"[""טיפול שורש"", ""יישור שיניים"", ""ניקוי"", ""עקירה""]"
298,033012701,appointmentsDentist,419271646,"[""טיפול שורש"", ""ניקוי"", ""עקירה"", ""שיננית""]"
299,033161739,appointmentsDentist,169657594,"[""ניקוי"", ""שיננית"", ""טיפול שורש"", ""עקירה""]"
300,600699048,appointmentsHairDresser,136677787,"[""תספורת"", ""גוונים"", ""פן"", ""החלקה""]"
301,259780194,appointmentsHairDresser,082532921,"[""פן"", ""גוונים"", ""החלקה"", ""צבע""]"
302,862910564,appointmentsDentist,940754796,"[""יישור שיניים"", ""שיננית"", ""טיפול שורש"", ""עקירה""]"
303,263518166,appointmentsDentist,473739707,"[""יישור שיניים"", ""ניקוי"", ""טיפול שורש"", ""עקירה""]"
304,551215316,appointmentsDentist,560176995,"[""שיננית"", ""טיפול שורש"", ""ניקוי"", ""יישור שיניים""]"
305,116789418,appointmentsHairDresser,704023361,"[""פן"", ""החלקה"", ""גוונים"", ""צבע""]"
306,435786324,appointmentsHairDresser,271635459,"[""פן"", ""תספורת"", ""צבע"", ""גוונים""]"
307,654664525,appointmentsHairDresser,483022715,"[""צבע"", ""פן"", ""גוונים"", ""תספורת""]"
308,863003871,appointmentsHairDresser,832513448,"[""פן"", ""צבע"", ""החלקה"", ""גוונים""]"
309,385405751,appointmentsDentist,341301511,"[""טיפול שורש"", ""עקירה"", ""שיננית"", ""יישור שיניים""]"
310,940754796,appointmentsDentist,033012701,"[""ניקוי"", ""שיננית"", ""טיפול שורש"", ""יישור שיניים""]"
311,136677787,appointmentsHairDresser,980783596,"[""פן"", ""גוונים"", ""החלקה"", ""תספורת""]"
312,514701988,appointmentsHairDresser,514453573,"[""החלקה"", ""תספורת"", ""פן"", ""גוונים""]"
313,394715868,appointmentsDentist,724568381,"[""טיפול שורש"", ""יישור שיניים"", ""ניקוי"", ""שיננית""]"
314,490638973,appointmentsHairDresser,957538494,"[""צבע"", ""פן"", ""גוונים"", ""תספורת""]"
315,266509197,appointmentsHairDresser,330781628,"[""החלקה"", ""תספורת"", ""פן"", ""צבע""]"
316,341301511,appointmentsDentist,916665231,"[""טיפול שורש"", ""ניקוי"", ""שיננית"", ""עקירה""]"
317,062351869,appointmentsDentist,169657594,"[""ניקוי"", ""שיננית"", ""טיפול שורש"", ""עקירה""]"
318,543709257,appointmentsHairDresser,278702509,"[""החלקה"", ""תספורת"", ""פן"", ""גוונים""]"
319,639004581,appointmentsHairDresser,211127786,"[""גוונים"", ""צבע"", ""החלקה"", ""תספורת""]"
320,376213835,appointmentsDentist,960766683,"[""ניקוי"", ""טיפול שורש"", ""יישור שיניים"", ""עקירה""]"
321,381833875,appointmentsHairDresser,994032568,"[""תספורת"", ""פן"", ""החלקה"", ""צבע""]"
322,786639294,appointmentsHairDresser,053824737,"[""תספורת"", ""גוונים"", ""צבע"", ""פן""]"
323,386674212,appointmentsDentist,952484274,"[""טיפול שורש"", ""יישור שיניים"", ""שיננית"", ""עקירה""]"
324,584103598,appointmentsDentist,508967170,"[""יישור שיניים"", ""ניקוי"", ""עקירה"", ""טיפול שורש""]"
325,562735726,appointmentsDentist,481482909,"[""יישור שיניים"", ""עקירה"", ""שיננית"", ""טיפול שורש""]"
326,850745206,appointmentsHairDresser,774350597,"[""פן"", ""תספורת"", ""גוונים"", ""החלקה""]"
327,335612899,appointmentsDentist,916665231,"[""טיפול שורש"", ""ניקוי"", ""שיננית"", ""עקירה""]"
328,247883123,appointmentsDentist,818821746,"[""טיפול שורש"", ""ניקוי"", ""שיננית"", ""עקירה""]"
329,303017057,appointmentsHairDresser,500655545,"[""החלקה"", ""פן"", ""צבע"", ""גוונים""]"
330,734445293,appointmentsDentist,229971094,"[""יישור שיניים"", ""ניקוי"", ""עקירה"", ""טיפול שורש""]"
331,005384491,appointmentsDentist,585209142,"[""יישור שיניים"", ""עקירה"", ""ניקוי"", ""טיפול שורש""]"
332,487990985,appointmentsHairDresser,391593954,"[""פן"", ""תספורת"", ""צבע"", ""החלקה""]"
333,255605535,appointmentsDentist,419271646,"[""טיפול שורש"", ""ניקוי"", ""עקירה"", ""שיננית""]"
334,605064573,appointmentsHairDresser,136677787,"[""תספורת"", ""גוונים"", ""פן"", ""החלקה""]"
335,242556378,appointmentsDentist,317173284,"[""שיננית"", ""עקירה"", ""יישור שיניים"", ""טיפול שורש""]"
336,781218030,appointmentsHairDresser,376475185,"[""צבע"", ""פן"", ""גוונים"", ""החלקה""]"
337,588180501,appointmentsHairDresser,706567925,"[""תספורת"", ""גוונים"", ""פן"", ""צבע""]"
338,677776137,appointmentsDentist,334073776,"[""טיפול שורש"", ""עקירה"", ""שיננית"", ""ניקוי""]"
339,219104989,appointmentsHairDresser,231885469,"[""תספורת"", ""פן"", ""החלקה"", ""צבע""]"
340,702645412,appointmentsDentist,563111540,"[""טיפול שורש"", ""עקירה"", ""יישור שיניים"", ""שיננית""]"
341,431601280,appointmentsDentist,169657594,"[""ניקוי"", ""שיננית"", ""טיפול שורש"", ""עקירה""]"
342,033161739,appointmentsHairDresser,117402902,"[""פן"", ""צבע"", ""תספורת"", ""החלקה""]"
343,739582297,appointmentsHairDresser,338076575,"[""צבע"", ""תספורת"", ""פן"", ""גוונים""]"
344,033161739,appointmentsHairDresser,087458946,"[""החלקה"", ""תספורת"", ""פן"", ""גוונים""]"
345,204873899,appointmentsDentist,818821746,"[""טיפול שורש"", ""ניקוי"", ""שיננית"", ""עקירה""]"
346,277894686,appointmentsDentist,066775658,"[""טיפול שורש"", ""יישור שיניים"", ""עקירה"", ""שיננית""]"
347,383567236,appointmentsHairDresser,832513448,"[""פן"", ""צבע"", ""החלקה"", ""גוונים""]"
348,253261382,appointmentsHairDresser,180429765,"[""החלקה"", ""גוונים"", ""צבע"", ""פן""]"
349,906174156,appointmentsHairDresser,980783596,"[""פן"", ""גוונים"", ""החלקה"", ""תספורת""]"
350,673008391,appointmentsHairDresser,291438832,"[""החלקה"", ""גוונים"", ""צבע"", ""פן""]"
351,092445625,appointmentsHairDresser,303017057,"[""החלקה"", ""גוונים"", ""פן"", ""צבע""]"
352,095527021,appointmentsDentist,710906231,"[""יישור שיניים"", ""טיפול שורש"", ""שיננית"", ""ניקוי""]"
353,456380764,appointmentsDentist,673008391,"[""עקירה"", ""ניקוי"", ""שיננית"", ""טיפול שורש""]"
354,935485554,appointmentsHairDresser,850224962,"[""החלקה"", ""גוונים"", ""תספורת"", ""צבע""]"
355,785728749,appointmentsHairDresser,311406006,"[""צבע"", ""החלקה"", ""פן"", ""תספורת""]"
356,047891708,appointmentsHairDresser,705570488,"[""החלקה"", ""תספורת"", ""פן"", ""צבע""]"
357,801892732,appointmentsHairDresser,994032568,"[""תספורת"", ""פן"", ""החלקה"", ""צבע""]"
358,704023361,appointmentsHairDresser,958442098,"[""גוונים"", ""תספורת"", ""החלקה"", ""פן""]"
359,786639294,appointmentsHairDresser,231885469,"[""תספורת"", ""פן"", ""החלקה"", ""צבע""]"
360,890469554,appointmentsDentist,544359761,"[""יישור שיניים"", ""טיפול שורש"", ""ניקוי"", ""שיננית""]"
361,502953170,appointmentsDentist,334073776,"[""טיפול שורש"", ""עקירה"", ""שיננית"", ""ניקוי""]"
362,795764600,appointmentsHairDresser,516169863,"[""צבע"", ""פן"", ""תספורת"", ""החלקה""]"
363,835983747,appointmentsHairDresser,754100540,"[""תספורת"", ""פן"", ""צבע"", ""החלקה""]"
364,121806052,appointmentsHairDresser,425307349,"[""צבע"", ""פן"", ""גוונים"", ""תספורת""]"
365,016505530,appointmentsHairDresser,510313897,"[""תספורת"", ""פן"", ""גוונים"", ""החלקה""]"
366,949570089,appointmentsDentist,970991586,"[""יישור שיניים"", ""עקירה"", ""שיננית"", ""ניקוי""]"
367,635743075,appointmentsDentist,229971094,"[""יישור שיניים"", ""ניקוי"", ""עקירה"", ""טיפול שורש""]"
368,456380764,appointmentsDentist,990927574,"[""שיננית"", ""יישור שיניים"", ""עקירה"", ""ניקוי""]"
369,146544828,appointmentsHairDresser,358116332,"[""צבע"", ""החלקה"", ""גוונים"", ""תספורת""]"
370,514718098,appointmentsHairDresser,020686959,"[""גוונים"", ""צבע"", ""תספורת"", ""החלקה""]"
371,839240340,appointmentsHairDresser,704023361,"[""פן"", ""החלקה"", ""גוונים"", ""צבע""]"
372,392733362,appointmentsHairDresser,028905619,"[""צבע"", ""החלקה"", ""פן"", ""תספורת""]"
373,422771209,appointmentsHairDresser,180429765,"[""החלקה"", ""גוונים"", ""צבע"", ""פן""]"
374,659736044,appointmentsHairDresser,543709257,"[""צבע"", ""תספורת"", ""החלקה"", ""גוונים""]"
375,706617815,appointmentsDentist,781218030,"[""ניקוי"", ""שיננית"", ""טיפול שורש"", ""עקירה""]"
376,134892183,appointmentsDentist,397499061,"[""ניקוי"", ""יישור שיניים"", ""טיפול שורש"", ""שיננית""]"
377,884065511,appointmentsHairDresser,311406006,"[""צבע"", ""החלקה"", ""פן"", ""תספורת""]"
378,061713539,appointmentsHairDresser,452677408,"[""החלקה"", ""גוונים"", ""פן"", ""צבע""]"
379,856413207,appointmentsDentist,187206917,"[""ניקוי"", ""שיננית"", ""טיפול שורש"", ""עקירה""]"
380,271635459,appointmentsHairDresser,278702509,"[""החלקה"", ""תספורת"", ""פן"", ""גוונים""]"
381,129382077,appointmentsDentist,940754796,"[""יישור שיניים"", ""שיננית"", ""טיפול שורש"", ""עקירה""]"
382,445304012,appointmentsHairDresser,590552161,"[""החלקה"", ""צבע"", ""תספורת"", ""פן""]"
383,629699704,appointmentsHairDresser,440077642,"[""החלקה"", ""פן"", ""גוונים"", ""צבע""]"
384,586160170,appointmentsHairDresser,253513340,"[""צבע"", ""פן"", ""גוונים"", ""החלקה""]"
385,957538494,appointmentsDentist,560176995,"[""שיננית"", ""טיפול שורש"", ""ניקוי"", ""יישור שיניים""]"
386,350652952,appointmentsHairDresser,053824737,"[""תספורת"", ""גוונים"", ""צבע"", ""פן""]"
387,621775433,appointmentsDentist,818821746,"[""טיפול שורש"", ""ניקוי"", ""שיננית"", ""עקירה""]"
388,742256481,appointmentsDentist,544359761,"[""יישור שיניים"", ""טיפול שורש"", ""ניקוי"", ""שיננית""]"
389,864899489,appointmentsHairDresser,861927188,"[""החלקה"", ""גוונים"", ""תספורת"", ""צבע""]"
390,562735726,appointmentsDentist,818821746,"[""טיפול שורש"", ""ניקוי"", ""שיננית"", ""עקירה""]"
391,854922505,appointmentsHairDresser,439074790,"[""החלקה"", ""צבע"", ""גוונים"", ""תספורת""]"
392,640991861,appointmentsHairDresser,525391059,"[""גוונים"", ""צבע"", ""החלקה"", ""פן""]"
393,572508408,appointmentsDentist,795376926,"[""טיפול שורש"", ""עקירה"", ""שיננית"", ""יישור שיניים""]"
394,949786219,appointmentsHairDresser,483022715,"[""צבע"", ""פן"", ""גוונים"", ""תספורת""]"
395,001496588,appointmentsDentist,724568381,"[""טיפול שורש"", ""יישור שיניים"", ""ניקוי"", ""שיננית""]"
396,652445512,appointmentsHairDresser,706567925,"[""תספורת"", ""גוונים"", ""פן"", ""צבע""]"
397,734445293,appointmentsHairDresser,180429765,"[""החלקה"", ""גוונים"", ""צבע"", ""פן""]"
398,333543019,appointmentsHairDresser,330781628,"[""החלקה"", ""תספורת"", ""פן"", ""צבע""]"
399,514701988,appointmentsDentist,544359761,"[""יישור שיניים"", ""טיפול שורש"", ""ניקוי"", ""שיננית""]"
400,265020582,appointmentsHairDresser,774350597,"[""פן"", ""תספורת"", ""גוונים"", ""החלקה""]"
401,418110517,appointmentsDentist,667716327,"[""עקירה"", ""ניקוי"", ""שיננית"", ""טיפול שורש""]"
402,514448179,appointmentsHairDresser,452677408,"[""החלקה"", ""גוונים"", ""פן"", ""צבע""]"
403,706617815,appointmentsDentist,786587078,"[""טיפול שורש"", ""ניקוי"", ""יישור שיניים"", ""שיננית""]"
404,569922001,appointmentsHairDresser,832513448,"[""פן"", ""צבע"", ""החלקה"", ""גוונים""]"
405,100229800,appointmentsHairDresser,464406990,"[""פן"", ""החלקה"", ""גוונים"", ""תספורת""]"
406,438985746,appointmentsHairDresser,815818301,"[""גוונים"", ""החלקה"", ""תספורת"", ""פן""]"
407,811432956,appointmentsDentist,317173284,"[""שיננית"", ""עקירה"", ""יישור שיניים"", ""טיפול שורש""]"
408,444712296,appointmentsDentist,563111540,"[""טיפול שורש"", ""עקירה"", ""יישור שיניים"", ""שיננית""]"
409,431601280,appointmentsDentist,329445822,"[""עקירה"", ""ניקוי"", ""טיפול שורש"", ""יישור שיניים""]"
410,034873982,appointmentsHairDresser,885126211,"[""פן"", ""גוונים"", ""תספורת"", ""צבע""]"
411,588180501,appointmentsHairDresser,518443215,"[""תספורת"", ""גוונים"", ""החלקה"", ""פן""]"
412,031734064,appointmentsDentist,710906231,"[""יישור שיניים"", ""טיפול שורש"", ""שיננית"", ""ניקוי""]"
413,338076575,appointmentsHairDresser,549963652,"[""החלקה"", ""גוונים"", ""צבע"", ""תספורת""]"
414,795764600,appointmentsHairDresser,278702509,"[""החלקה"", ""תספורת"", ""פן"", ""גוונים""]"
415,673008391,appointmentsHairDresser,358116332,"[""צבע"", ""החלקה"", ""גוונים"", ""תספורת""]"
416,808252449,appointmentsHairDresser,985364823,"[""גוונים"", ""פן"", ""החלקה"", ""צבע""]"
417,564223498,appointmentsDentist,419271646,"[""טיפול שורש"", ""ניקוי"", ""עקירה"", ""שיננית""]"
418,968595682,appointmentsHairDresser,121806052,"[""פן"", ""צבע"", ""תספורת"", ""גוונים""]"
419,135985058,appointmentsDentist,473739707,"[""יישור שיניים"", ""ניקוי"", ""טיפול שורש"", ""עקירה""]"
420,107896757,appointmentsHairDresser,525391059,"[""גוונים"", ""צבע"", ""החלקה"", ""פן""]"
421,231122457,appointmentsHairDresser,330781628,"[""החלקה"", ""תספורת"", ""פן"", ""צבע""]"
422,572508408,appointmentsHairDresser,358116332,"[""צבע"", ""החלקה"", ""גוונים"", ""תספורת""]"
423,438516472,appointmentsDentist,825553521,"[""עקירה"", ""טיפול שורש"", ""ניקוי"", ""יישור שיניים""]"
424,396197742,appointmentsDentist,418110517,"[""שיננית"", ""עקירה"", ""יישור שיניים"", ""טיפול שורש""]"
425,317005946,appointmentsDentist,397499061,"[""ניקוי"", ""יישור שיניים"", ""טיפול שורש"", ""שיננית""]"
426,247883123,appointmentsDentist,443108577,"[""עקירה"", ""טיפול שורש"", ""יישור שיניים"", ""שיננית""]"
427,341658906,appointmentsDentist,144600433,"[""יישור שיניים"", ""ניקוי"", ""שיננית"", ""עקירה""]"
428,580624494,appointmentsHairDresser,549963652,"[""החלקה"", ""גוונים"", ""צבע"", ""תספורת""]"
429,280017077,appointmentsHairDresser,483022715,"[""צבע"", ""פן"", ""גוונים"", ""תספורת""]"
430,247883123,appointmentsHairDresser,850224962,"[""החלקה"", ""גוונים"", ""תספורת"", ""צבע""]"
431,425516336,appointmentsDentist,970991586,"[""יישור שיניים"", ""עקירה"", ""שיננית"", ""ניקוי""]"
432,804790549,appointmentsDentist,317173284,"[""שיננית"", ""עקירה"", ""יישור שיניים"", ""טיפול שורש""]"
433,092445625,appointmentsDentist,095793764,"[""ניקוי"", ""טיפול שורש"", ""יישור שיניים"", ""עקירה""]"
434,418732687,appointmentsHairDresser,201737043,"[""צבע"", ""פן"", ""החלקה"", ""תספורת""]"
435,710906231,appointmentsDentist,563111540,"[""טיפול שורש"", ""עקירה"", ""יישור שיניים"", ""שיננית""]"
436,280017077,appointmentsHairDresser,317534242,"[""צבע"", ""החלקה"", ""תספורת"", ""פן""]"
437,721055717,appointmentsHairDresser,439074790,"[""החלקה"", ""צבע"", ""גוונים"", ""תספורת""]"
438,799114607,appointmentsHairDresser,121806052,"[""פן"", ""צבע"", ""תספורת"", ""גוונים""]"
439,867244889,appointmentsHairDresser,201737043,"[""צבע"", ""פן"", ""החלקה"", ""תספורת""]"
440,770532085,appointmentsHairDresser,291438832,"[""החלקה"", ""גוונים"", ""צבע"", ""פן""]"
441,605944574,appointmentsDentist,584103598,"[""שיננית"", ""טיפול שורש"", ""יישור שיניים"", ""ניקוי""]"
442,565083593,appointmentsHairDresser,681378872,"[""פן"", ""החלקה"", ""צבע"", ""גוונים""]"
443,005384491,appointmentsDentist,493121602,"[""שיננית"", ""טיפול שורש"", ""ניקוי"", ""עקירה""]"
444,166638529,appointmentsHairDresser,957538494,"[""צבע"", ""פן"", ""גוונים"", ""תספורת""]"
445,253261382,appointmentsHairDresser,271635459,"[""פן"", ""תספורת"", ""צבע"", ""גוונים""]"
446,239607516,appointmentsDentist,584103598,"[""שיננית"", ""טיפול שורש"", ""יישור שיניים"", ""ניקוי""]"
447,161604557,appointmentsDentist,187206917,"[""ניקוי"", ""שיננית"", ""טיפול שורש"", ""עקירה""]"
448,102328800,appointmentsDentist,471568025,"[""עקירה"", ""ניקוי"", ""טיפול שורש"", ""שיננית""]"
449,932759915,appointmentsDentist,505110252,"[""שיננית"", ""יישור שיניים"", ""טיפול שורש"", ""ניקוי""]"
450,415386573,appointmentsHairDresser,464406990,"[""פן"", ""החלקה"", ""גוונים"", ""תספורת""]"
451,045126555,appointmentsHairDresser,028905619,"[""צבע"", ""החלקה"", ""פן"", ""תספורת""]"
452,009181190,appointmentsHairDresser,565083593,"[""תספורת"", ""צבע"", ""החלקה"", ""גוונים""]"
453,733017154,appointmentsHairDresser,211127786,"[""גוונים"", ""צבע"", ""החלקה"", ""תספורת""]"
454,265071918,appointmentsDentist,710906231,"[""יישור שיניים"", ""טיפול שורש"", ""שיננית"", ""ניקוי""]"
455,900261801,appointmentsHairDresser,211127786,"[""גוונים"", ""צבע"", ""החלקה"", ""תספורת""]"
456,182620984,appointmentsDentist,528822171,"[""שיננית"", ""ניקוי"", ""עקירה"", ""יישור שיניים""]"
457,102328800,appointmentsHairDresser,994032568,"[""תספורת"", ""פן"", ""החלקה"", ""צבע""]"
458,092376513,appointmentsDentist,471568025,"[""עקירה"", ""ניקוי"", ""טיפול שורש"", ""שיננית""]"
459,809664205,appointmentsHairDresser,957538494,"[""צבע"", ""פן"", ""גוונים"", ""תספורת""]"
460,808252449,appointmentsDentist,473739707,"[""יישור שיניים"", ""ניקוי"", ""טיפול שורש"", ""עקירה""]"
461,955247026,appointmentsDentist,516186140,"[""יישור שיניים"", ""עקירה"", ""שיננית"", ""טיפול שורש""]"
462,702815523,appointmentsHairDresser,391593954,"[""פן"", ""תספורת"", ""צבע"", ""החלקה""]"
463,762340889,appointmentsDentist,710906231,"[""יישור שיניים"", ""טיפול שורש"", ""שיננית"", ""ניקוי""]"
464,733017154,appointmentsHairDresser,833651313,"[""צבע"", ""החלקה"", ""גוונים"", ""תספורת""]"
465,503333193,appointmentsHairDresser,117402902,"[""פן"", ""צבע"", ""תספורת"", ""החלקה""]"
466,547623982,appointmentsDentist,990927574,"[""שיננית"", ""יישור שיניים"", ""עקירה"", ""ניקוי""]"
467,201737043,appointmentsDentist,544359761,"[""יישור שיניים"", ""טיפול שורש"", ""ניקוי"", ""שיננית""]"
468,339805031,appointmentsDentist,310950424,"[""ניקוי"", ""עקירה"", ""יישור שיניים"", ""טיפול שורש""]"
469,802232059,appointmentsHairDresser,064380420,"[""גוונים"", ""פן"", ""החלקה"", ""תספורת""]"
470,144256871,appointmentsHairDresser,162631453,"[""תספורת"", ""גוונים"", ""החלקה"", ""צבע""]"
471,425516336,appointmentsDentist,781218030,"[""ניקוי"", ""שיננית"", ""טיפול שורש"", ""עקירה""]"
472,000425698,appointmentsDentist,013538751,"[""טיפול שורש"", ""יישור שיניים"", ""ניקוי"", ""שיננית""]"
473,628893174,appointmentsDentist,916665231,"[""טיפול שורש"", ""ניקוי"", ""שיננית"", ""עקירה""]"
474,127128517,appointmentsDentist,144600433,"[""יישור שיניים"", ""ניקוי"", ""שיננית"", ""עקירה""]"
475,850224962,appointmentsHairDresser,906075728,"[""צבע"", ""החלקה"", ""גוונים"", ""פן""]"
476,082532921,appointmentsHairDresser,906075728,"[""צבע"", ""החלקה"", ""גוונים"", ""פן""]"
477,982922623,appointmentsDentist,481482909,"[""יישור שיניים"", ""עקירה"", ""שיננית"", ""טיפול שורש""]"
478,816846683,appointmentsDentist,516186140,"[""יישור שיניים"", ""עקירה"", ""שיננית"", ""טיפול שורש""]"
479,408212324,appointmentsHairDresser,231885469,"[""תספורת"", ""פן"", ""החלקה"", ""צבע""]"
480,135985058,appointmentsDentist,310950424,"[""ניקוי"", ""עקירה"", ""יישור שיניים"", ""טיפול שורש""]"
481,772620684,appointmentsHairDresser,311406006,"[""צבע"", ""החלקה"", ""פן"", ""תספורת""]"
482,381833875,appointmentsHairDresser,406660923,"[""גוונים"", ""תספורת"", ""צבע"", ""פן""]"
483,278702509,appointmentsHairDresser,957538494,"[""צבע"", ""פן"", ""גוונים"", ""תספורת""]"
484,468254910,appointmentsDentist,818821746,"[""טיפול שורש"", ""ניקוי"", ""שיננית"", ""עקירה""]"
485,785728749,appointmentsHairDresser,121806052,"[""פן"", ""צבע"", ""תספורת"", ""גוונים""]"
486,453560919,appointmentsDentist,960766683,"[""ניקוי"", ""טיפול שורש"", ""יישור שיניים"", ""עקירה""]"
487,361017902,appointmentsDentist,175504767,"[""שיננית"", ""טיפול שורש"", ""יישור שיניים"", ""עקירה""]"
488,824722032,appointmentsHairDresser,489675695,"[""פן"", ""תספורת"", ""גוונים"", ""החלקה""]"
489,496718901,appointmentsHairDresser,774350597,"[""פן"", ""תספורת"", ""גוונים"", ""החלקה""]"
490,361490605,appointmentsHairDresser,525391059,"[""גוונים"", ""צבע"", ""החלקה"", ""פן""]"
491,199430601,appointmentsHairDresser,278702509,"[""החלקה"", ""תספורת"", ""פן"", ""גוונים""]"
492,875584030,appointmentsDentist,144600433,"[""יישור שיניים"", ""ניקוי"", ""שיננית"", ""עקירה""]"
493,733017154,appointmentsHairDresser,431992650,"[""צבע"", ""תספורת"", ""החלקה"", ""פן""]"
494,949570089,appointmentsDentist,650304743,"[""טיפול שורש"", ""ניקוי"", ""יישור שיניים"", ""עקירה""]"
495,219247738,appointmentsDentist,169657594,"[""ניקוי"", ""שיננית"", ""טיפול שורש"", ""עקירה""]"
496,464406990,appointmentsHairDresser,861927188,"[""החלקה"", ""גוונים"", ""תספורת"", ""צבע""]"
497,497245534,appointmentsHairDresser,966042854,"[""תספורת"", ""פן"", ""גוונים"", ""צבע""]"
498,681378872,appointmentsHairDresser,706617815,"[""תספורת"", ""החלקה"", ""גוונים"", ""פן""]"
499,906075728,appointmentsDentist,795376926,"[""טיפול שורש"", ""עקירה"", ""שיננית"", ""יישור שיניים""]"
500,920915024,appointmentsDentist,187206917,"[""ניקוי"", ""שיננית"", ""טיפול שורש"", ""עקירה""]"
501,563111540,appointmentsDentist,818821746,"[""טיפול שורש"", ""ניקוי"", ""שיננית"", ""עקירה""]"
502,655802590,appointmentsDentist,563111540,"[""טיפול שורש"", ""עקירה"", ""יישור שיניים"", ""שיננית""]"
503,864899489,appointmentsDentist,468254910,"[""שיננית"", ""טיפול שורש"", ""עקירה"", ""יישור שיניים""]"
504,866267493,appointmentsHairDresser,483022715,"[""צבע"", ""פן"", ""גוונים"", ""תספורת""]"
505,260511870,appointmentsDentist,033012701,"[""ניקוי"", ""שיננית"", ""טיפול שורש"", ""יישור שיניים""]"
506,261554990,appointmentsHairDresser,431992650,"[""צבע"", ""תספורת"", ""החלקה"", ""פן""]"
507,231122457,appointmentsHairDresser,303017057,"[""החלקה"", ""גוונים"", ""פן"", ""צבע""]"
508,206733738,appointmentsHairDresser,518443215,"[""תספורת"", ""גוונים"", ""החלקה"", ""פן""]"
509,422771209,appointmentsDentist,053594577,"[""עקירה"", ""ניקוי"", ""יישור שיניים"", ""טיפול שורש""]"
510,991392499,appointmentsDentist,724568381,"[""טיפול שורש"", ""יישור שיניים"", ""ניקוי"", ""שיננית""]"
511,750669412,appointmentsHairDresser,815818301,"[""גוונים"", ""החלקה"", ""תספורת"", ""פן""]"
512,960212254,appointmentsDentist,545825500,"[""עקירה"", ""טיפול שורש"", ""יישור שיניים"", ""שיננית""]"
513,464406990,appointmentsDentist,095793764,"[""ניקוי"", ""טיפול שורש"", ""יישור שיניים"", ""עקירה""]"
514,824722032,appointmentsHairDresser,117402902,"[""פן"", ""צבע"", ""תספורת"", ""החלקה""]"
515,981198949,appointmentsHairDresser,518443215,"[""תספורת"", ""גוונים"", ""החלקה"", ""פן""]"
516,173427430,appointmentsDentist,970991586,"[""יישור שיניים"", ""עקירה"", ""שיננית"", ""ניקוי""]"
517,302611058,appointmentsDentist,187206917,"[""ניקוי"", ""שיננית"", ""טיפול שורש"", ""עקירה""]"
518,483022715,appointmentsHairDresser,317534242,"[""צבע"", ""החלקה"", ""תספורת"", ""פן""]"
519,815818301,appointmentsDentist,650304743,"[""טיפול שורש"", ""ניקוי"", ""יישור שיניים"", ""עקירה""]"
520,135985058,appointmentsDentist,960766683,"[""ניקוי"", ""טיפול שורש"", ""יישור שיניים"", ""עקירה""]"
521,991392499,appointmentsDentist,516186140,"[""יישור שיניים"", ""עקירה"", ""שיננית"", ""טיפול שורש""]"
522,583314118,appointmentsDentist,033012701,"[""ניקוי"", ""שיננית"", ""טיפול שורש"", ""יישור שיניים""]"
523,585935374,appointmentsHairDresser,489675695,"[""פן"", ""תספורת"", ""גוונים"", ""החלקה""]"
524,317173284,appointmentsHairDresser,489675695,"[""פן"", ""תספורת"", ""גוונים"", ""החלקה""]"
525,019254328,appointmentsHairDresser,008194197,"[""גוונים"", ""פן"", ""צבע"", ""החלקה""]"
526,681097277,appointmentsHairDresser,087458946,"[""החלקה"", ""תספורת"", ""פן"", ""גוונים""]"
527,585566509,appointmentsHairDresser,265020582,"[""תספורת"", ""צבע"", ""פן"", ""גוונים""]"
528,678936616,appointmentsDentist,970991586,"[""יישור שיניים"", ""עקירה"", ""שיננית"", ""ניקוי""]"
529,516169863,appointmentsDentist,724568381,"[""טיפול שורש"", ""יישור שיניים"", ""ניקוי"", ""שיננית""]"
530,493121602,appointmentsHairDresser,087458946,"[""החלקה"", ""תספורת"", ""פן"", ""גוונים""]"
531,825094235,appointmentsDentist,991392499,"[""יישור שיניים"", ""ניקוי"", ""שיננית"", ""עקירה""]"
532,221753840,appointmentsDentist,970991586,"[""יישור שיניים"", ""עקירה"", ""שיננית"", ""ניקוי""]"
533,866267493,appointmentsHairDresser,464406990,"[""פן"", ""החלקה"", ""גוונים"", ""תספורת""]"
534,289828810,appointmentsHairDresser,278702509,"[""החלקה"", ""תספורת"", ""פן"", ""גוונים""]"
535,535879197,appointmentsDentist,991392499,"[""יישור שיניים"", ""ניקוי"", ""שיננית"", ""עקירה""]"
536,841922502,appointmentsHairDresser,500655545,"[""החלקה"", ""פן"", ""צבע"", ""גוונים""]"
537,438516472,appointmentsDentist,418110517,"[""שיננית"", ""עקירה"", ""יישור שיניים"", ""טיפול שורש""]"
538,201737043,appointmentsHairDresser,376475185,"[""צבע"", ""פן"", ""גוונים"", ""החלקה""]"
539,054281829,appointmentsHairDresser,966042854,"[""תספורת"", ""פן"", ""גוונים"", ""צבע""]"
540,661663175,appointmentsHairDresser,064380420,"[""גוונים"", ""פן"", ""החלקה"", ""תספורת""]"
541,815818301,appointmentsHairDresser,020686959,"[""גוונים"", ""צבע"", ""תספורת"", ""החלקה""]"
542,984407939,appointmentsHairDresser,008194197,"[""גוונים"", ""פן"", ""צבע"", ""החלקה""]"
543,721055717,appointmentsDentist,013538751,"[""טיפול שורש"", ""יישור שיניים"", ""ניקוי"", ""שיננית""]"
544,667111183,appointmentsHairDresser,518443215,"[""תספורת"", ""גוונים"", ""החלקה"", ""פן""]"
545,565083593,appointmentsHairDresser,848519781,"[""צבע"", ""גוונים"", ""תספורת"", ""החלקה""]"
546,147601732,appointmentsDentist,915997193,"[""עקירה"", ""שיננית"", ""טיפול שורש"", ""ניקוי""]"
547,563111540,appointmentsDentist,187206917,"[""ניקוי"", ""שיננית"", ""טיפול שורש"", ""עקירה""]"
548,643943449,appointmentsHairDresser,678936616,"[""החלקה"", ""תספורת"", ""פן"", ""צבע""]"
549,031734064,appointmentsDentist,180017380,"[""טיפול שורש"", ""ניקוי"", ""שיננית"", ""עקירה""]"
550,299481825,appointmentsHairDresser,681378872,"[""פן"", ""החלקה"", ""צבע"", ""גוונים""]"
551,298049209,appointmentsHairDresser,833651313,"[""צבע"", ""החלקה"", ""גוונים"", ""תספורת""]"
552,261837029,appointmentsHairDresser,376475185,"[""צבע"", ""פן"", ""גוונים"", ""החלקה""]"
553,231885469,appointmentsHairDresser,201737043,"[""צבע"", ""פן"", ""החלקה"", ""תספורת""]"
554,564223498,appointmentsHairDresser,081728433,"[""תספורת"", ""החלקה"", ""פן"", ""גוונים""]"
555,739582297,appointmentsDentist,681856736,"[""ניקוי"", ""שיננית"", ""טיפול שורש"", ""יישור שיניים""]"
556,032943552,appointmentsDentist,922733899,"[""עקירה"", ""ניקוי"", ""שיננית"", ""יישור שיניים""]"
557,762340889,appointmentsHairDresser,333832610,"[""פן"", ""גוונים"", ""החלקה"", ""תספורת""]"
558,601725450,appointmentsHairDresser,180429765,"[""החלקה"", ""גוונים"", ""צבע"", ""פן""]"
559,201720951,appointmentsDentist,473739707,"[""יישור שיניים"", ""ניקוי"", ""טיפול שורש"", ""עקירה""]"
560,616349689,appointmentsDentist,267008970,"[""שיננית"", ""טיפול שורש"", ""עקירה"", ""ניקוי""]"
561,867123686,appointmentsDentist,786587078,"[""טיפול שורש"", ""ניקוי"", ""יישור שיניים"", ""שיננית""]"
562,944185913,appointmentsDentist,024897126,"[""טיפול שורש"", ""עקירה"", ""ניקוי"", ""יישור שיניים""]"
563,255198104,appointmentsHairDresser,107448715,"[""תספורת"", ""פן"", ""צבע"", ""גוונים""]"
564,500221046,appointmentsDentist,584103598,"[""שיננית"", ""טיפול שורש"", ""יישור שיניים"", ""ניקוי""]"
565,927362083,appointmentsHairDresser,590552161,"[""החלקה"", ""צבע"", ""תספורת"", ""פן""]"
566,561933550,appointmentsHairDresser,053824737,"[""תספורת"", ""גוונים"", ""צבע"", ""פן""]"
567,328877670,appointmentsDentist,013538751,"[""טיפול שורש"", ""יישור שיניים"", ""ניקוי"", ""שיננית""]"
568,298049209,appointmentsHairDresser,984638008,"[""פן"", ""גוונים"", ""תספורת"", ""החלקה""]"
569,302611058,appointmentsHairDresser,628893174,"[""החלקה"", ""תספורת"", ""פן"", ""צבע""]"
570,000425698,appointmentsDentist,528822171,"[""שיננית"", ""ניקוי"", ""עקירה"", ""יישור שיניים""]"
571,978793897,appointmentsDentist,545825500,"[""עקירה"", ""טיפול שורש"", ""יישור שיניים"", ""שיננית""]"
572,920915024,appointmentsHairDresser,439074790,"[""החלקה"", ""צבע"", ""גוונים"", ""תספורת""]"
573,446816871,appointmentsDentist,724568381,"[""טיפול שורש"", ""יישור שיניים"", ""ניקוי"", ""שיננית""]"
574,243143438,appointmentsHairDresser,107448715,"[""תספורת"", ""פן"", ""צבע"", ""גוונים""]"
575,472647051,appointmentsHairDresser,832513448,"[""פן"", ""צבע"", ""החלקה"", ""גוונים""]"
576,973966161,appointmentsDentist,708668747,"[""טיפול שורש"", ""יישור שיניים"", ""ניקוי"", ""עקירה""]"
577,849506226,appointmentsHairDresser,358116332,"[""צבע"", ""החלקה"", ""גוונים"", ""תספורת""]"
578,642158767,appointmentsHairDresser,278702509,"[""החלקה"", ""תספורת"", ""פן"", ""גוונים""]"
579,608465178,appointmentsDentist,267008970,"[""שיננית"", ""טיפול שורש"", ""עקירה"", ""ניקוי""]"
580,916665231,appointmentsHairDresser,677474238,"[""החלקה"", ""צבע"", ""תספורת"", ""גוונים""]"
581,782988313,appointmentsDentist,708668747,"[""טיפול שורש"", ""יישור שיניים"", ""ניקוי"", ""עקירה""]"
582,386674212,appointmentsDentist,545825500,"[""עקירה"", ""טיפול שורש"", ""יישור שיניים"", ""שיננית""]"
583,020686959,appointmentsDentist,187206917,"[""ניקוי"", ""שיננית"", ""טיפול שורש"", ""עקירה""]"
584,828606034,appointmentsHairDresser,279292347,"[""גוונים"", ""תספורת"", ""החלקה"", ""צבע""]"
585,738608252,appointmentsDentist,667716327,"[""עקירה"", ""ניקוי"", ""שיננית"", ""טיפול שורש""]"
586,170125504,appointmentsHairDresser,053824737,"[""תספורת"", ""גוונים"", ""צבע"", ""פן""]"
587,260511870,appointmentsHairDresser,162631453,"[""תספורת"", ""גוונים"", ""החלקה"", ""צבע""]"
588,828537513,appointmentsHairDresser,560321102,"[""פן"", ""החלקה"", ""גוונים"", ""צבע""]"
589,642158767,appointmentsHairDresser,107448715,"[""תספורת"", ""פן"", ""צבע"", ""גוונים""]"
590,074040626,appointmentsDentist,818821746,"[""טיפול שורש"", ""ניקוי"", ""שיננית"", ""עקירה""]"
591,518613643,appointmentsHairDresser,253513340,"[""צבע"", ""פן"", ""גוונים"", ""החלקה""]"
592,961836756,appointmentsHairDresser,664006767,"[""החלקה"", ""צבע"", ""פן"", ""תספורת""]"
593,361490605,appointmentsHairDresser,053824737,"[""תספורת"", ""גוונים"", ""צבע"", ""פן""]"
594,626225718,appointmentsDentist,991392499,"[""יישור שיניים"", ""ניקוי"", ""שיננית"", ""עקירה""]"
595,471046851,appointmentsDentist,053594577,"[""עקירה"", ""ניקוי"", ""יישור שיניים"", ""טיפול שורש""]"
596,894037381,appointmentsHairDresser,452677408,"[""החלקה"", ""גוונים"", ""פן"", ""צבע""]"
597,916665231,appointmentsDentist,066775658,"[""טיפול שורש"", ""יישור שיניים"", ""עקירה"", ""שיננית""]"
598,178210899,appointmentsHairDresser,053824737,"[""תספורת"", ""גוונים"", ""צבע"", ""פן""]"
599,033012701,appointmentsHairDresser,833651313,"[""צבע"", ""החלקה"", ""גוונים"", ""תספורת""]"
600,867651239,appointmentsHairDresser,565083593,"[""תספורת"", ""צבע"", ""החלקה"", ""גוונים""]"
601,443945705,appointmentsHairDresser,277894686,"[""צבע"", ""תספורת"", ""גוונים"", ""החלקה""]"
602,215628366,appointmentsHairDresser,560321102,"[""פן"", ""החלקה"", ""גוונים"", ""צבע""]"
603,037752878,appointmentsHairDresser,518443215,"[""תספורת"", ""גוונים"", ""החלקה"", ""פן""]"
604,251359195,appointmentsHairDresser,565083593,"[""תספורת"", ""צבע"", ""החלקה"", ""גוונים""]"
605,107896757,appointmentsHairDresser,271635459,"[""פן"", ""תספורת"", ""צבע"", ""גוונים""]"
606,219104989,appointmentsDentist,144600433,"[""יישור שיניים"", ""ניקוי"", ""שיננית"", ""עקירה""]"
607,689099858,appointmentsHairDresser,333832610,"[""פן"", ""גוונים"", ""החלקה"", ""תספורת""]"
608,906715266,appointmentsHairDresser,681378872,"[""פן"", ""החלקה"", ""צבע"", ""גוונים""]"
609,146544828,appointmentsHairDresser,425307349,"[""צבע"", ""פן"", ""גוונים"", ""תספורת""]"
610,657210162,appointmentsDentist,471568025,"[""עקירה"", ""ניקוי"", ""טיפול שורש"", ""שיננית""]"
611,791085507,appointmentsHairDresser,053824737,"[""תספורת"", ""גוונים"", ""צבע"", ""פן""]"
612,226601535,appointmentsDentist,267008970,"[""שיננית"", ""טיפול שורש"", ""עקירה"", ""ניקוי""]"
613,261554990,appointmentsHairDresser,121806052,"[""פן"", ""צבע"", ""תספורת"", ""גוונים""]"
614,337618098,appointmentsDentist,423866375,"[""עקירה"", ""שיננית"", ""ניקוי"", ""יישור שיניים""]"
615,043084101,appointmentsHairDresser,333832610,"[""פן"", ""גוונים"", ""החלקה"", ""תספורת""]"
616,151368594,appointmentsHairDresser,543709257,"[""צבע"", ""תספורת"", ""החלקה"", ""גוונים""]"
617,831799272,appointmentsHairDresser,832513448,"[""פן"", ""צבע"", ""החלקה"", ""גוונים""]"
618,752158129,appointmentsDentist,560176995,"[""שיננית"", ""טיפול שורש"", ""ניקוי"", ""יישור שיניים""]"
619,724568381,appointmentsHairDresser,705570488,"[""החלקה"", ""תספורת"", ""פן"", ""צבע""]"
620,560321102,appointmentsDentist,493121602,"[""שיננית"", ""טיפול שורש"", ""ניקוי"", ""עקירה""]"
621,443808602,appointmentsHairDresser,338076575,"[""צבע"", ""תספורת"", ""פן"", ""גוונים""]"
622,704023361,appointmentsDentist,002675952,"[""טיפול שורש"", ""יישור שיניים"", ""ניקוי"", ""עקירה""]"
623,584103598,appointmentsDentist,650304743,"[""טיפול שורש"", ""ניקוי"", ""יישור שיניים"", ""עקירה""]"
624,264792793,appointmentsHairDresser,358116332,"[""צבע"", ""החלקה"", ""גוונים"", ""תספורת""]"
625,906075728,appointmentsDentist,970991586,"[""יישור שיניים"", ""עקירה"", ""שיננית"", ""ניקוי""]"
626,702624878,appointmentsHairDresser,677474238,"[""החלקה"", ""צבע"", ""תספורת"", ""גוונים""]"
627,419977034,appointmentsHairDresser,358116332,"[""צבע"", ""החלקה"", ""גוונים"", ""תספורת""]"
628,171588976,appointmentsDentist,915997193,"[""עקירה"", ""שיננית"", ""טיפול שורש"", ""ניקוי""]"
629,872622494,appointmentsHairDresser,906075728,"[""צבע"", ""החלקה"", ""גוונים"", ""פן""]"
630,950106383,appointmentsHairDresser,706567925,"[""תספורת"", ""גוונים"", ""פן"", ""צבע""]"
631,422345289,appointmentsDentist,940754796,"[""יישור שיניים"", ""שיננית"", ""טיפול שורש"", ""עקירה""]"
632,469723554,appointmentsHairDresser,333832610,"[""פן"", ""גוונים"", ""החלקה"", ""תספורת""]"
633,249635664,appointmentsHairDresser,338076575,"[""צבע"", ""תספורת"", ""פן"", ""גוונים""]"
634,493121602,appointmentsDentist,767592302,"[""ניקוי"", ""טיפול שורש"", ""שיננית"", ""יישור שיניים""]"
635,463884564,appointmentsHairDresser,677474238,"[""החלקה"", ""צבע"", ""תספורת"", ""גוונים""]"
636,588384872,appointmentsHairDresser,705570488,"[""החלקה"", ""תספורת"", ""פן"", ""צבע""]"
637,986275815,appointmentsDentist,544359761,"[""יישור שיניים"", ""טיפול שורש"", ""ניקוי"", ""שיננית""]"
638,524235995,appointmentsHairDresser,966042854,"[""תספורת"", ""פן"", ""גוונים"", ""צבע""]"
639,972350803,appointmentsDentist,033012701,"[""ניקוי"", ""שיננית"", ""טיפול שורש"", ""יישור שיניים""]"
640,153607146,appointmentsHairDresser,358116332,"[""צבע"", ""החלקה"", ""גוונים"", ""תספורת""]"
641,199430601,appointmentsHairDresser,770057641,"[""פן"", ""החלקה"", ""גוונים"", ""צבע""]"
642,862341815,appointmentsDentist,187206917,"[""ניקוי"", ""שיננית"", ""טיפול שורש"", ""עקירה""]"
643,317005946,appointmentsHairDresser,681378872,"[""פן"", ""החלקה"", ""צבע"", ""גוונים""]"
644,710906231,appointmentsDentist,710906231,"[""יישור שיניים"", ""טיפול שורש"", ""שיננית"", ""ניקוי""]"
645,000425698,appointmentsHairDresser,107448715,"[""תספורת"", ""פן"", ""צבע"", ""גוונים""]"
646,394761269,appointmentsHairDresser,291438832,"[""החלקה"", ""גוונים"", ""צבע"", ""פן""]"
647,742256481,appointmentsHairDresser,732501707,"[""תספורת"", ""פן"", ""גוונים"", ""צבע""]"
648,159169179,appointmentsHairDresser,980783596,"[""פן"", ""גוונים"", ""החלקה"", ""תספורת""]"
649,586160170,appointmentsHairDresser,143327192,"[""גוונים"", ""החלקה"", ""תספורת"", ""פן""]"
650,781218030,appointmentsDentist,180017380,"[""טיפול שורש"", ""ניקוי"", ""שיננית"", ""עקירה""]"
651,375645667,appointmentsDentist,471568025,"[""עקירה"", ""ניקוי"", ""טיפול שורש"", ""שיננית""]"
652,563111540,appointmentsHairDresser,885126211,"[""פן"", ""גוונים"", ""תספורת"", ""צבע""]"
653,877526289,appointmentsDentist,970991586,"[""יישור שיניים"", ""עקירה"", ""שיננית"", ""ניקוי""]"
654,673008391,appointmentsHairDresser,402968085,"[""פן"", ""תספורת"", ""צבע"", ""גוונים""]"
655,543709257,appointmentsDentist,831799272,"[""טיפול שורש"", ""יישור שיניים"", ""עקירה"", ""שיננית""]"
656,544359761,appointmentsDentist,933148334,"[""ניקוי"", ""שיננית"", ""טיפול שורש"", ""עקירה""]"
657,458016762,appointmentsDentist,229971094,"[""יישור שיניים"", ""ניקוי"", ""עקירה"", ""טיפול שורש""]"
658,055867917,appointmentsHairDresser,231885469,"[""תספורת"", ""פן"", ""החלקה"", ""צבע""]"
659,402968085,appointmentsDentist,334073776,"[""טיפול שורש"", ""עקירה"", ""שיננית"", ""ניקוי""]"
660,434167499,appointmentsHairDresser,440077642,"[""החלקה"", ""פן"", ""גוונים"", ""צבע""]"
661,912930258,appointmentsHairDresser,832513448,"[""פן"", ""צבע"", ""החלקה"", ""גוונים""]"
662,882651719,appointmentsHairDresser,317534242,"[""צבע"", ""החלקה"", ""תספורת"", ""פן""]"
663,164598040,appointmentsDentist,710906231,"[""יישור שיניים"", ""טיפול שורש"", ""שיננית"", ""ניקוי""]"
664,856413207,appointmentsDentist,545825500,"[""עקירה"", ""טיפול שורש"", ""יישור שיניים"", ""שיננית""]"
665,702645412,appointmentsDentist,169657594,"[""ניקוי"", ""שיננית"", ""טיפול שורש"", ""עקירה""]"
666,756621592,appointmentsHairDresser,264810214,"[""החלקה"", ""צבע"", ""תספורת"", ""גוונים""]"
667,655802590,appointmentsHairDresser,957538494,"[""צבע"", ""פן"", ""גוונים"", ""תספורת""]"
668,439074790,appointmentsDentist,445092317,"[""טיפול שורש"", ""עקירה"", ""שיננית"", ""ניקוי""]"
669,417446645,appointmentsDentist,933148334,"[""ניקוי"", ""שיננית"", ""טיפול שורש"", ""עקירה""]"
670,445092317,appointmentsDentist,419271646,"[""טיפול שורש"", ""ניקוי"", ""עקירה"", ""שיננית""]"
671,161197110,appointmentsHairDresser,906075728,"[""צבע"", ""החלקה"", ""גוונים"", ""פן""]"
672,428326906,appointmentsDentist,144600433,"[""יישור שיניים"", ""ניקוי"", ""שיננית"", ""עקירה""]"
673,489422528,appointmentsDentist,013538751,"[""טיפול שורש"", ""יישור שיניים"", ""ניקוי"", ""שיננית""]"
674,940313678,appointmentsHairDresser,549963652,"[""החלקה"", ""גוונים"", ""צבע"", ""תספורת""]"
675,863983022,appointmentsHairDresser,317534242,"[""צבע"", ""החלקה"", ""תספורת"", ""פן""]"
676,269102571,appointmentsDentist,786587078,"[""טיפול שורש"", ""ניקוי"", ""יישור שיניים"", ""שיננית""]"
677,968162389,appointmentsDentist,100335463,"[""שיננית"", ""יישור שיניים"", ""עקירה"", ""טיפול שורש""]"
678,980783596,appointmentsDentist,650304743,"[""טיפול שורש"", ""ניקוי"", ""יישור שיניים"", ""עקירה""]"
679,856685608,appointmentsHairDresser,966042854,"[""תספורת"", ""פן"", ""גוונים"", ""צבע""]"
680,585566509,appointmentsDentist,922733899,"[""עקירה"", ""ניקוי"", ""שיננית"", ""יישור שיניים""]"
681,669491606,appointmentsDentist,493121602,"[""שיננית"", ""טיפול שורש"", ""ניקוי"", ""עקירה""]"
682,393791727,appointmentsDentist,952484274,"[""טיפול שורש"", ""יישור שיניים"", ""שיננית"", ""עקירה""]"
683,921285947,appointmentsHairDresser,028905619,"[""צבע"", ""החלקה"", ""פן"", ""תספורת""]"
684,990927574,appointmentsHairDresser,885126211,"[""פן"", ""גוונים"", ""תספורת"", ""צבע""]"
685,061409220,appointmentsHairDresser,330781628,"[""החלקה"", ""תספורת"", ""פן"", ""צבע""]"
686,221242652,appointmentsHairDresser,510313897,"[""תספורת"", ""פן"", ""גוונים"", ""החלקה""]"
687,169657594,appointmentsDentist,187206917,"[""ניקוי"", ""שיננית"", ""טיפול שורש"", ""עקירה""]"
688,895147661,appointmentsDentist,544359761,"[""יישור שיניים"", ""טיפול שורש"", ""ניקוי"", ""שיננית""]"
689,678936616,appointmentsHairDresser,136677787,"[""תספורת"", ""גוונים"", ""פן"", ""החלקה""]"
690,477660204,appointmentsDentist,473739707,"[""יישור שיניים"", ""ניקוי"", ""טיפול שורש"", ""עקירה""]"
691,940754796,appointmentsHairDresser,518443215,"[""תספורת"", ""גוונים"", ""החלקה"", ""פן""]"
692,255896305,appointmentsDentist,795376926,"[""טיפול שורש"", ""עקירה"", ""שיננית"", ""יישור שיניים""]"
693,265020582,appointmentsHairDresser,279292347,"[""גוונים"", ""תספורת"", ""החלקה"", ""צבע""]"
694,383880472,appointmentsDentist,053594577,"[""עקירה"", ""ניקוי"", ""יישור שיניים"", ""טיפול שורש""]"
695,281912123,appointmentsDentist,418110517,"[""שיננית"", ""עקירה"", ""יישור שיניים"", ""טיפול שורש""]"
696,061180845,appointmentsHairDresser,053824737,"[""תספורת"", ""גוונים"", ""צבע"", ""פן""]"
697,927362083,appointmentsHairDresser,770496987,"[""גוונים"", ""תספורת"", ""צבע"", ""פן""]"
698,545825500,appointmentsDentist,066775658,"[""טיפול שורש"", ""יישור שיניים"", ""עקירה"", ""שיננית""]"
699,473739707,appointmentsHairDresser,264810214,"[""החלקה"", ""צבע"", ""תספורת"", ""גוונים""]"
700,565772044,appointmentsHairDresser,081728433,"[""תספורת"", ""החלקה"", ""פן"", ""גוונים""]"
701,271635459,appointmentsDentist,516186140,"[""יישור שיניים"", ""עקירה"", ""שיננית"", ""טיפול שורש""]"
702,247956263,appointmentsHairDresser,391593954,"[""פן"", ""תספורת"", ""צבע"", ""החלקה""]"
703,000425698,appointmentsDentist,781218030,"[""ניקוי"", ""שיננית"", ""טיפול שורש"", ""עקירה""]"
704,616349689,appointmentsDentist,423866375,"[""עקירה"", ""שיננית"", ""ניקוי"", ""יישור שיניים""]"
705,376213835,appointmentsHairDresser,358116332,"[""צבע"", ""החלקה"", ""גוונים"", ""תספורת""]"
706,934024513,appointmentsHairDresser,518443215,"[""תספורת"", ""גוונים"", ""החלקה"", ""פן""]"
707,982922623,appointmentsHairDresser,966042854,"[""תספורת"", ""פן"", ""גוונים"", ""צבע""]"
708,121806052,appointmentsHairDresser,440077642,"[""החלקה"", ""פן"", ""גוונים"", ""צבע""]"
709,916665231,appointmentsHairDresser,117402902,"[""פן"", ""צבע"", ""תספורת"", ""החלקה""]"
710,373364168,appointmentsHairDresser,225106556,"[""צבע"", ""פן"", ""גוונים"", ""תספורת""]"
711,518613643,appointmentsHairDresser,850224962,"[""החלקה"", ""גוונים"", ""תספורת"", ""צבע""]"
712,418471257,appointmentsDentist,710906231,"[""יישור שיניים"", ""טיפול שורש"", ""שיננית"", ""ניקוי""]"
713,497245534,appointmentsHairDresser,439074790,"[""החלקה"", ""צבע"", ""גוונים"", ""תספורת""]"
714,373389465,appointmentsHairDresser,053824737,"[""תספורת"", ""גוונים"", ""צבע"", ""פן""]"
715,600244101,appointmentsDentist,952484274,"[""טיפול שורש"", ""יישור שיניים"", ""שיננית"", ""עקירה""]"
716,279292347,appointmentsHairDresser,549963652,"[""החלקה"", ""גוונים"", ""צבע"", ""תספורת""]"
717,099893469,appointmentsDentist,545825500,"[""עקירה"", ""טיפול שורש"", ""יישור שיניים"", ""שיננית""]"
718,681097277,appointmentsDentist,708668747,"[""טיפול שורש"", ""יישור שיניים"", ""ניקוי"", ""עקירה""]"
719,882651719,appointmentsHairDresser,201737043,"[""צבע"", ""פן"", ""החלקה"", ""תספורת""]"
720,762427956,appointmentsDentist,708668747,"[""טיפול שורש"", ""יישור שיניים"", ""ניקוי"", ""עקירה""]"
721,100229800,appointmentsDentist,991392499,"[""יישור שיניים"", ""ניקוי"", ""שיננית"", ""עקירה""]"
722,264792793,appointmentsDentist,169657594,"[""ניקוי"", ""שיננית"", ""טיפול שורש"", ""עקירה""]"
723,419977034,appointmentsDentist,940754796,"[""יישור שיניים"", ""שיננית"", ""טיפול שורש"", ""עקירה""]"
724,255605535,appointmentsHairDresser,565083593,"[""תספורת"", ""צבע"", ""החלקה"", ""גוונים""]"
725,102328800,appointmentsHairDresser,143327192,"[""גוונים"", ""החלקה"", ""תספורת"", ""פן""]"
726,621775433,appointmentsHairDresser,966042854,"[""תספורת"", ""פן"", ""גוונים"", ""צבע""]"
727,935485554,appointmentsHairDresser,201737043,"[""צבע"", ""פן"", ""החלקה"", ""תספורת""]"
728,992089248,appointmentsDentist,329445822,"[""עקירה"", ""ניקוי"", ""טיפול שורש"", ""יישור שיניים""]"
729,752158129,appointmentsHairDresser,180429765,"[""החלקה"", ""גוונים"", ""צבע"", ""פן""]"
730,514448179,appointmentsHairDresser,464406990,"[""פן"", ""החלקה"", ""גוונים"", ""תספורת""]"
731,616349689,appointmentsHairDresser,885126211,"[""פן"", ""גוונים"", ""תספורת"", ""צבע""]"
732,392733362,appointmentsHairDresser,514453573,"[""החלקה"", ""תספורת"", ""פן"", ""גוונים""]"
733,391593954,appointmentsHairDresser,231885469,"[""תספורת"", ""פן"", ""החלקה"", ""צבע""]"
734,875584030,appointmentsHairDresser,489675695,"[""פן"", ""תספורת"", ""גוונים"", ""החלקה""]"
735,277894686,appointmentsDentist,990927574,"[""שיננית"", ""יישור שיניים"", ""עקירה"", ""ניקוי""]"
736,341658906,appointmentsHairDresser,543709257,"[""צבע"", ""תספורת"", ""החלקה"", ""גוונים""]"
737,401712205,appointmentsDentist,066775658,"[""טיפול שורש"", ""יישור שיניים"", ""עקירה"", ""שיננית""]"
738,244003013,appointmentsDentist,818821746,"[""טיפול שורש"", ""ניקוי"", ""שיננית"", ""עקירה""]"
739,330781628,appointmentsHairDresser,333832610,"[""פן"", ""גוונים"", ""החלקה"", ""תספורת""]"
740,650789863,appointmentsHairDresser,861927188,"[""החלקה"", ""גוונים"", ""תספורת"", ""צבע""]"
741,315826201,appointmentsHairDresser,136677787,"[""תספורת"", ""גוונים"", ""פן"", ""החלקה""]"
742,882651719,appointmentsHairDresser,180429765,"[""החלקה"", ""גוונים"", ""צבע"", ""פן""]"
743,508823430,appointmentsHairDresser,966042854,"[""תספורת"", ""פן"", ""גוונים"", ""צבע""]"
744,328877670,appointmentsHairDresser,225106556,"[""צבע"", ""פן"", ""גוונים"", ""תספורת""]"
745,025497965,appointmentsDentist,916665231,"[""טיפול שורש"", ""ניקוי"", ""שיננית"", ""עקירה""]"
746,956368438,appointmentsHairDresser,203895641,"[""פן"", ""תספורת"", ""גוונים"", ""החלקה""]"
747,201720951,appointmentsDentist,053594577,"[""עקירה"", ""ניקוי"", ""יישור שיניים"", ""טיפול שורש""]"
748,281741752,appointmentsDentist,024897126,"[""טיפול שורש"", ""עקירה"", ""ניקוי"", ""יישור שיניים""]"
749,906382543,appointmentsHairDresser,201737043,"[""צבע"", ""פן"", ""החלקה"", ""תספורת""]"
750,468665062,appointmentsHairDresser,848519781,"[""צבע"", ""גוונים"", ""תספורת"", ""החלקה""]"
751,833659428,appointmentsHairDresser,082532921,"[""פן"", ""גוונים"", ""החלקה"", ""צבע""]"
752,762427956,appointmentsDentist,528822171,"[""שיננית"", ""ניקוי"", ""עקירה"", ""יישור שיניים""]"
753,894037381,appointmentsDentist,545825500,"[""עקירה"", ""טיפול שורש"", ""יישור שיניים"", ""שיננית""]"
754,243699951,appointmentsDentist,673008391,"[""עקירה"", ""ניקוי"", ""שיננית"", ""טיפול שורש""]"
755,862910564,appointmentsHairDresser,358116332,"[""צבע"", ""החלקה"", ""גוונים"", ""תספורת""]"
756,358907060,appointmentsHairDresser,279292347,"[""גוונים"", ""תספורת"", ""החלקה"", ""צבע""]"
757,827804966,appointmentsHairDresser,885126211,"[""פן"", ""גוונים"", ""תספורת"", ""צבע""]"
758,485344529,appointmentsHairDresser,117402902,"[""פן"", ""צבע"", ""תספורת"", ""החלקה""]"
759,473739707,appointmentsHairDresser,255896305,"[""צבע"", ""גוונים"", ""פן"", ""החלקה""]"
760,081399454,appointmentsHairDresser,277894686,"[""צבע"", ""תספורת"", ""גוונים"", ""החלקה""]"
761,170877435,appointmentsHairDresser,518443215,"[""תספורת"", ""גוונים"", ""החלקה"", ""פן""]"
762,146544828,appointmentsDentist,473739707,"[""יישור שיניים"", ""ניקוי"", ""טיפול שורש"", ""עקירה""]"
763,199430601,appointmentsDentist,013538751,"[""טיפול שורש"", ""יישור שיניים"", ""ניקוי"", ""שיננית""]"
764,898191608,appointmentsDentist,024897126,"[""טיפול שורש"", ""עקירה"", ""ניקוי"", ""יישור שיניים""]"
765,231885469,appointmentsHairDresser,211127786,"[""גוונים"", ""צבע"", ""החלקה"", ""תספורת""]"
766,940975054,appointmentsDentist,361017902,"[""יישור שיניים"", ""טיפול שורש"", ""עקירה"", ""ניקוי""]"
767,872622494,appointmentsDentist,544359761,"[""יישור שיניים"", ""טיפול שורש"", ""ניקוי"", ""שיננית""]"
768,629699704,appointmentsHairDresser,440077642,"[""החלקה"", ""פן"", ""גוונים"", ""צבע""]"
769,787813054,appointmentsHairDresser,271635459,"[""פן"", ""תספורת"", ""צבע"", ""גוונים""]"
770,505110252,appointmentsDentist,922733899,"[""עקירה"", ""ניקוי"", ""שיננית"", ""יישור שיניים""]"
771,950106383,appointmentsHairDresser,704023361,"[""פן"", ""החלקה"", ""גוונים"", ""צבע""]"
772,835983747,appointmentsDentist,443108577,"[""עקירה"", ""טיפול שורש"", ""יישור שיניים"", ""שיננית""]"
773,496956186,appointmentsDentist,990927574,"[""שיננית"", ""יישור שיניים"", ""עקירה"", ""ניקוי""]"
774,867141023,appointmentsHairDresser,277894686,"[""צבע"", ""תספורת"", ""גוונים"", ""החלקה""]"
775,012981051,appointmentsHairDresser,028905619,"[""צבע"", ""החלקה"", ""פן"", ""תספורת""]"
776,008194197,appointmentsDentist,329445822,"[""עקירה"", ""ניקוי"", ""טיפול שורש"", ""יישור שיניים""]"
777,862341815,appointmentsDentist,423866375,"[""עקירה"", ""שיננית"", ""ניקוי"", ""יישור שיניים""]"
778,173427430,appointmentsHairDresser,464406990,"[""פן"", ""החלקה"", ""גוונים"", ""תספורת""]"
779,841922502,appointmentsDentist,508967170,"[""יישור שיניים"", ""ניקוי"", ""עקירה"", ""טיפול שורש""]"
780,260511870,appointmentsDentist,169657594,"[""ניקוי"", ""שיננית"", ""טיפול שורש"", ""עקירה""]"
781,825094235,appointmentsDentist,471568025,"[""עקירה"", ""ניקוי"", ""טיפול שורש"", ""שיננית""]"
782,780520191,appointmentsHairDresser,317534242,"[""צבע"", ""החלקה"", ""תספורת"", ""פן""]"
783,681097277,appointmentsDentist,418110517,"[""שיננית"", ""עקירה"", ""יישור שיניים"", ""טיפול שורש""]"
784,626392700,appointmentsHairDresser,514453573,"[""החלקה"", ""תספורת"", ""פן"", ""גוונים""]"
785,996961281,appointmentsDentist,724568381,"[""טיפול שורש"", ""יישור שיניים"", ""ניקוי"", ""שיננית""]"
786,241213430,appointmentsHairDresser,500655545,"[""החלקה"", ""פן"", ""צבע"", ""גוונים""]"
787,516169863,appointmentsHairDresser,431992650,"[""צבע"", ""תספורת"", ""החלקה"", ""פן""]"
788,473322396,appointmentsHairDresser,833651313,"[""צבע"", ""החלקה"", ""גוונים"", ""תספורת""]"
789,403255844,appointmentsDentist,563111540,"[""טיפול שורש"", ""עקירה"", ""יישור שיניים"", ""שיננית""]"
790,016505530,appointmentsDentist,033012701,"[""ניקוי"", ""שיננית"", ""טיפול שורש"", ""יישור שיניים""]"
791,373364168,appointmentsHairDresser,510313897,"[""תספורת"", ""פן"", ""גוונים"", ""החלקה""]"
792,262788041,appointmentsDentist,786587078,"[""טיפול שורש"", ""ניקוי"", ""יישור שיניים"", ""שיננית""]"
793,961836756,appointmentsDentist,428811114,"[""יישור שיניים"", ""טיפול שורש"", ""עקירה"", ""ניקוי""]"
794,752158129,appointmentsHairDresser,121806052,"[""פן"", ""צבע"", ""תספורת"", ""גוונים""]"
795,994032568,appointmentsHairDresser,081728433,"[""תספורת"", ""החלקה"", ""פן"", ""גוונים""]"
796,221799355,appointmentsDentist,445092317,"[""טיפול שורש"", ""עקירה"", ""שיננית"", ""ניקוי""]"
797,401712205,appointmentsHairDresser,516169863,"[""צבע"", ""פן"", ""תספורת"", ""החלקה""]"
798,702815523,appointmentsDentist,915997193,"[""עקירה"", ""שיננית"", ""טיפול שורש"", ""ניקוי""]"
799,966042854,appointmentsHairDresser,958442098,"[""גוונים"", ""תספורת"", ""החלקה"", ""פן""]"
800,981198949,appointmentsHairDresser,966042854,"[""תספורת"", ""פן"", ""גוונים"", ""צבע""]"
801,815846429,appointmentsHairDresser,770057641,"[""פן"", ""החלקה"", ""גוונים"", ""צבע""]"
802,882651719,appointmentsHairDresser,255896305,"[""צבע"", ""גוונים"", ""פן"", ""החלקה""]"
803,897708851,appointmentsHairDresser,516169863,"[""צבע"", ""פן"", ""תספורת"", ""החלקה""]"
804,913383534,appointmentsHairDresser,628893174,"[""החלקה"", ""תספורת"", ""פן"", ""צבע""]"
805,066263609,appointmentsDentist,681856736,"[""ניקוי"", ""שיננית"", ""טיפול שורש"", ""יישור שיניים""]"
806,960766683,appointmentsDentist,473739707,"[""יישור שיניים"", ""ניקוי"", ""טיפול שורש"", ""עקירה""]"
807,166182181,appointmentsHairDresser,985364823,"[""גוונים"", ""פן"", ""החלקה"", ""צבע""]"
808,255605535,appointmentsDentist,493121602,"[""שיננית"", ""טיפול שורש"", ""ניקוי"", ""עקירה""]"
809,405866222,appointmentsHairDresser,664006767,"[""החלקה"", ""צבע"", ""פן"", ""תספורת""]"
810,403255844,appointmentsHairDresser,957538494,"[""צבע"", ""פן"", ""גוונים"", ""תספורת""]"
811,127128517,appointmentsDentist,795376926,"[""טיפול שורש"", ""עקירה"", ""שיננית"", ""יישור שיניים""]"
812,648208506,appointmentsDentist,317173284,"[""שיננית"", ""עקירה"", ""יישור שיניים"", ""טיפול שורש""]"
813,472682920,appointmentsHairDresser,885126211,"[""פן"", ""גוונים"", ""תספורת"", ""צבע""]"
814,972350803,appointmentsDentist,361017902,"[""יישור שיניים"", ""טיפול שורש"", ""עקירה"", ""ניקוי""]"
815,119885572,appointmentsHairDresser,203895641,"[""פן"", ""תספורת"", ""גוונים"", ""החלקה""]"
816,293614497,appointmentsHairDresser,431992650,"[""צבע"", ""תספורת"", ""החלקה"", ""פן""]"
817,584132402,appointmentsHairDresser,966042854,"[""תספורת"", ""פן"", ""גוונים"", ""צבע""]"
818,414963672,appointmentsDentist,468254910,"[""שיננית"", ""טיפול שורש"", ""עקירה"", ""יישור שיניים""]"
819,443808602,appointmentsHairDresser,885126211,"[""פן"", ""גוונים"", ""תספורת"", ""צבע""]"
820,281741752,appointmentsDentist,960766683,"[""ניקוי"", ""טיפול שורש"", ""יישור שיניים"", ""עקירה""]"
821,185891412,appointmentsDentist,419271646,"[""טיפול שורש"", ""ניקוי"", ""עקירה"", ""שיננית""]"
822,439074790,appointmentsHairDresser,732501707,"[""תספורת"", ""פן"", ""גוונים"", ""צבע""]"
823,558329919,appointmentsDentist,040910850,"[""יישור שיניים"", ""ניקוי"", ""טיפול שורש"", ""עקירה""]"
824,871964309,appointmentsDentist,443108577,"[""עקירה"", ""טיפול שורש"", ""יישור שיניים"", ""שיננית""]"
825,862910564,appointmentsDentist,863966014,"[""ניקוי"", ""טיפול שורש"", ""עקירה"", ""שיננית""]"
826,719379389,appointmentsHairDresser,136677787,"[""תספורת"", ""גוונים"", ""פן"", ""החלקה""]"
827,278702509,appointmentsHairDresser,525391059,"[""גוונים"", ""צבע"", ""החלקה"", ""פן""]"
828,850302164,appointmentsDentist,169657594,"[""ניקוי"", ""שיננית"", ""טיפול שורש"", ""עקירה""]"
829,521438175,appointmentsHairDresser,064380420,"[""גוונים"", ""פן"", ""החלקה"", ""תספורת""]"
830,438985746,appointmentsHairDresser,231885469,"[""תספורת"", ""פן"", ""החלקה"", ""צבע""]"
831,514448179,appointmentsDentist,341301511,"[""טיפול שורש"", ""עקירה"", ""שיננית"", ""יישור שיניים""]"
832,418732687,appointmentsHairDresser,958442098,"[""גוונים"", ""תספורת"", ""החלקה"", ""פן""]"
833,856685608,appointmentsDentist,916665231,"[""טיפול שורש"", ""ניקוי"", ""שיננית"", ""עקירה""]"
834,047616626,appointmentsHairDresser,525391059,"[""גוונים"", ""צבע"", ""החלקה"", ""פן""]"
835,326418860,appointmentsHairDresser,985364823,"[""גוונים"", ""פן"", ""החלקה"", ""צבע""]"
836,115962946,appointmentsHairDresser,231885469,"[""תספורת"", ""פן"", ""החלקה"", ""צבע""]"
837,196756353,appointmentsHairDresser,543709257,"[""צבע"", ""תספורת"", ""החלקה"", ""גוונים""]"
838,897000613,appointmentsDentist,053594577,"[""עקירה"", ""ניקוי"", ""יישור שיניים"", ""טיפול שורש""]"
839,772620684,appointmentsHairDresser,008194197,"[""גוונים"", ""פן"", ""צבע"", ""החלקה""]"
840,505318184,appointmentsHairDresser,966042854,"[""תספורת"", ""פן"", ""גוונים"", ""צבע""]"
841,289828810,appointmentsDentist,922733899,"[""עקירה"", ""ניקוי"", ""שיננית"", ""יישור שיניים""]"
842,473682313,appointmentsDentist,650304743,"[""טיפול שורש"", ""ניקוי"", ""יישור שיניים"", ""עקירה""]"
843,423203338,appointmentsDentist,863966014,"[""ניקוי"", ""טיפול שורש"", ""עקירה"", ""שיננית""]"
844,660323467,appointmentsHairDresser,028905619,"[""צבע"", ""החלקה"", ""פן"", ""תספורת""]"
845,626125772,appointmentsDentist,053594577,"[""עקירה"", ""ניקוי"", ""יישור שיניים"", ""טיפול שורש""]"
846,660323467,appointmentsDentist,970991586,"[""יישור שיניים"", ""עקירה"", ""שיננית"", ""ניקוי""]"
847,294866175,appointmentsHairDresser,402968085,"[""פן"", ""תספורת"", ""צבע"", ""גוונים""]"
848,957285362,appointmentsDentist,428811114,"[""יישור שיניים"", ""טיפול שורש"", ""עקירה"", ""ניקוי""]"
849,487990985,appointmentsDentist,423866375,"[""עקירה"", ""שיננית"", ""ניקוי"", ""יישור שיניים""]"
850,869253164,appointmentsHairDresser,984638008,"[""פן"", ""גוונים"", ""תספורת"", ""החלקה""]"
851,162631453,appointmentsHairDresser,628893174,"[""החלקה"", ""תספורת"", ""פן"", ""צבע""]"
852,075717905,appointmentsHairDresser,231885469,"[""תספורת"", ""פן"", ""החלקה"", ""צבע""]"
853,551215316,appointmentsHairDresser,439074790,"[""החלקה"", ""צבע"", ""גוונים"", ""תספורת""]"
854,828537513,appointmentsDentist,650304743,"[""טיפול שורש"", ""ניקוי"", ""יישור שיניים"", ""עקירה""]"
855,785728749,appointmentsDentist,033012701,"[""ניקוי"", ""שיננית"", ""טיפול שורש"", ""יישור שיניים""]"
856,064380420,appointmentsDentist,508967170,"[""יישור שיניים"", ""ניקוי"", ""עקירה"", ""טיפול שורש""]"
857,804629917,appointmentsDentist,544359761,"[""יישור שיניים"", ""טיפול שורש"", ""ניקוי"", ""שיננית""]"
858,260454043,appointmentsHairDresser,253513340,"[""צבע"", ""פן"", ""גוונים"", ""החלקה""]"
859,231268851,appointmentsHairDresser,162631453,"[""תספורת"", ""גוונים"", ""החלקה"", ""צבע""]"
860,848402531,appointmentsHairDresser,906075728,"[""צבע"", ""החלקה"", ""גוונים"", ""פן""]"
861,642158767,appointmentsHairDresser,028905619,"[""צבע"", ""החלקה"", ""פן"", ""תספורת""]"
862,824722032,appointmentsHairDresser,330781628,"[""החלקה"", ""תספורת"", ""פן"", ""צבע""]"
863,654074593,appointmentsHairDresser,303017057,"[""החלקה"", ""גוונים"", ""פן"", ""צבע""]"
864,024874402,appointmentsDentist,991392499,"[""יישור שיניים"", ""ניקוי"", ""שיננית"", ""עקירה""]"
865,058454827,appointmentsHairDresser,201737043,"[""צבע"", ""פן"", ""החלקה"", ""תספורת""]"
866,137659282,appointmentsHairDresser,117402902,"[""פן"", ""צבע"", ""תספורת"", ""החלקה""]"
867,136677787,appointmentsDentist,786587078,"[""טיפול שורש"", ""ניקוי"", ""יישור שיניים"", ""שיננית""]"
868,103747374,appointmentsHairDresser,255896305,"[""צבע"", ""גוונים"", ""פן"", ""החלקה""]"
869,894017438,appointmentsHairDresser,317534242,"[""צבע"", ""החלקה"", ""תספורת"", ""פן""]"
870,358116332,appointmentsDentist,940754796,"[""יישור שיניים"", ""שיננית"", ""טיפול שורש"", ""עקירה""]"
871,845643291,appointmentsHairDresser,706567925,"[""תספורת"", ""גוונים"", ""פן"", ""צבע""]"
872,463884564,appointmentsDentist,563111540,"[""טיפול שורש"", ""עקירה"", ""יישור שיניים"", ""שיננית""]"
873,894594679,appointmentsDentist,786587078,"[""טיפול שורש"", ""ניקוי"", ""יישור שיניים"", ""שיננית""]"
874,087406880,appointmentsDentist,175504767,"[""שיננית"", ""טיפול שורש"", ""יישור שיניים"", ""עקירה""]"
875,758372460,appointmentsDentist,471568025,"[""עקירה"", ""ניקוי"", ""טיפול שורש"", ""שיננית""]"
876,864899489,appointmentsHairDresser,510313897,"[""תספורת"", ""פן"", ""גוונים"", ""החלקה""]"
877,314110804,appointmentsDentist,650304743,"[""טיפול שורש"", ""ניקוי"", ""יישור שיניים"", ""עקירה""]"
878,652416559,appointmentsHairDresser,514453573,"[""החלקה"", ""תספורת"", ""פן"", ""גוונים""]"
879,601725450,appointmentsHairDresser,225106556,"[""צבע"", ""פן"", ""גוונים"", ""תספורת""]"
880,626225718,appointmentsDentist,481482909,"[""יישור שיניים"", ""עקירה"", ""שיננית"", ""טיפול שורש""]"
881,940754796,appointmentsHairDresser,211127786,"[""גוונים"", ""צבע"", ""החלקה"", ""תספורת""]"
882,601725450,appointmentsHairDresser,121806052,"[""פן"", ""צבע"", ""תספורת"", ""גוונים""]"
883,473739707,appointmentsDentist,795376926,"[""טיפול שורש"", ""עקירה"", ""שיננית"", ""יישור שיניים""]"
884,626125772,appointmentsDentist,361017902,"[""יישור שיניים"", ""טיפול שורש"", ""עקירה"", ""ניקוי""]"
885,101761140,appointmentsDentist,002675952,"[""טיפול שורש"", ""יישור שיניים"", ""ניקוי"", ""עקירה""]"
886,721508025,appointmentsHairDresser,848519781,"[""צבע"", ""גוונים"", ""תספורת"", ""החלקה""]"
887,281570894,appointmentsDentist,329445822,"[""עקירה"", ""ניקוי"", ""טיפול שורש"", ""יישור שיניים""]"
888,798486511,appointmentsHairDresser,376475185,"[""צבע"", ""פן"", ""גוונים"", ""החלקה""]"
889,231268851,appointmentsHairDresser,560321102,"[""פן"", ""החלקה"", ""גוונים"", ""צבע""]"
890,565772044,appointmentsDentist,481482909,"[""יישור שיניים"", ""עקירה"", ""שיננית"", ""טיפול שורש""]"
891,983895757,appointmentsDentist,681856736,"[""ניקוי"", ""שיננית"", ""טיפול שורש"", ""יישור שיניים""]"
892,505110252,appointmentsHairDresser,906075728,"[""צבע"", ""החלקה"", ""גוונים"", ""פן""]"
893,341301511,appointmentsHairDresser,560321102,"[""פן"", ""החלקה"", ""גוונים"", ""צבע""]"
894,876892546,appointmentsHairDresser,303017057,"[""החלקה"", ""גוונים"", ""פן"", ""צבע""]"
895,114646190,appointmentsHairDresser,705570488,"[""החלקה"", ""תספורת"", ""פן"", ""צבע""]"
896,490493532,appointmentsHairDresser,136677787,"[""תספורת"", ""גוונים"", ""פן"", ""החלקה""]"
897,828537513,appointmentsHairDresser,525391059,"[""גוונים"", ""צבע"", ""החלקה"", ""פן""]"
898,547623982,appointmentsDentist,334073776,"[""טיפול שורש"", ""עקירה"", ""שיננית"", ""ניקוי""]"
899,287756751,appointmentsHairDresser,994032568,"[""תספורת"", ""פן"", ""החלקה"", ""צבע""]"
900,968162389,appointmentsDentist,563111540,"[""טיפול שורש"", ""עקירה"", ""יישור שיניים"", ""שיננית""]"
901,626392700,appointmentsHairDresser,121806052,"[""פן"", ""צבע"", ""תספורת"", ""גוונים""]"
902,675122839,appointmentsHairDresser,483022715,"[""צבע"", ""פן"", ""גוונים"", ""תספורת""]"
903,485174915,appointmentsHairDresser,704023361,"[""פן"", ""החלקה"", ""גוונים"", ""צבע""]"
904,440077642,appointmentsDentist,040910850,"[""יישור שיניים"", ""ניקוי"", ""טיפול שורש"", ""עקירה""]"
905,572119406,appointmentsDentist,169657594,"[""ניקוי"", ""שיננית"", ""טיפול שורש"", ""עקירה""]"
906,333543019,appointmentsDentist,952484274,"[""טיפול שורש"", ""יישור שיניים"", ""שיננית"", ""עקירה""]"
907,013637605,appointmentsHairDresser,271635459,"[""פן"", ""תספורת"", ""צבע"", ""גוונים""]"
908,797515777,appointmentsHairDresser,705570488,"[""החלקה"", ""תספורת"", ""פן"", ""צבע""]"
909,932145216,appointmentsHairDresser,406660923,"[""גוונים"", ""תספורת"", ""צבע"", ""פן""]"
910,054281829,appointmentsHairDresser,518443215,"[""תספורת"", ""גוונים"", ""החלקה"", ""פן""]"
911,727186286,appointmentsHairDresser,162631453,"[""תספורת"", ""גוונים"", ""החלקה"", ""צבע""]"
912,511527999,appointmentsHairDresser,525391059,"[""גוונים"", ""צבע"", ""החלקה"", ""פן""]"
913,460295588,appointmentsHairDresser,225106556,"[""צבע"", ""פן"", ""גוונים"", ""תספורת""]"
914,597779205,appointmentsHairDresser,815818301,"[""גוונים"", ""החלקה"", ""תספורת"", ""פן""]"
915,510313897,appointmentsDentist,445092317,"[""טיפול שורש"", ""עקירה"", ""שיננית"", ""ניקוי""]"
916,804790549,appointmentsHairDresser,231885469,"[""תספורת"", ""פן"", ""החלקה"", ""צבע""]"
917,616020145,appointmentsDentist,528822171,"[""שיננית"", ""ניקוי"", ""עקירה"", ""יישור שיניים""]"
918,719286014,appointmentsHairDresser,391593954,"[""פן"", ""תספורת"", ""צבע"", ""החלקה""]"
919,082000655,appointmentsDentist,144600433,"[""יישור שיניים"", ""ניקוי"", ""שיננית"", ""עקירה""]"
920,338076575,appointmentsDentist,545825500,"[""עקירה"", ""טיפול שורש"", ""יישור שיניים"", ""שיננית""]"
921,446132969,appointmentsDentist,673008391,"[""עקירה"", ""ניקוי"", ""שיננית"", ""טיפול שורש""]"
922,490493532,appointmentsDentist,095793764,"[""ניקוי"", ""טיפול שורש"", ""יישור שיניים"", ""עקירה""]"
923,169657594,appointmentsHairDresser,136677787,"[""תספורת"", ""גוונים"", ""פן"", ""החלקה""]"
924,375645667,appointmentsDentist,100335463,"[""שיננית"", ""יישור שיניים"", ""עקירה"", ""טיפול שורש""]"
925,427671993,appointmentsHairDresser,162631453,"[""תספורת"", ""גוונים"", ""החלקה"", ""צבע""]"
926,260454043,appointmentsDentist,423866375,"[""עקירה"", ""שיננית"", ""ניקוי"", ""יישור שיניים""]"
927,423203338,appointmentsHairDresser,861927188,"[""החלקה"", ""גוונים"", ""תספורת"", ""צבע""]"
928,196756353,appointmentsHairDresser,338076575,"[""צבע"", ""תספורת"", ""פן"", ""גוונים""]"
929,130526707,appointmentsHairDresser,333832610,"[""פן"", ""גוונים"", ""החלקה"", ""תספורת""]"
930,538068416,appointmentsDentist,508967170,"[""יישור שיניים"", ""ניקוי"", ""עקירה"", ""טיפול שורש""]"
931,825553521,appointmentsHairDresser,317534242,"[""צבע"", ""החלקה"", ""תספורת"", ""פן""]"
932,278129156,appointmentsHairDresser,704023361,"[""פן"", ""החלקה"", ""גוונים"", ""צבע""]"
933,611721739,appointmentsHairDresser,832513448,"[""פן"", ""צבע"", ""החלקה"", ""גוונים""]"
934,850302164,appointmentsDentist,443108577,"[""עקירה"", ""טיפול שורש"", ""יישור שיניים"", ""שיננית""]"
935,561933550,appointmentsHairDresser,549963652,"[""החלקה"", ""גוונים"", ""צבע"", ""תספורת""]"
936,013538751,appointmentsHairDresser,271635459,"[""פן"", ""תספורת"", ""צבע"", ""גוונים""]"
937,014005065,appointmentsDentist,863966014,"[""ניקוי"", ""טיפול שורש"", ""עקירה"", ""שיננית""]"
938,657101496,appointmentsDentist,508967170,"[""יישור שיניים"", ""ניקוי"", ""עקירה"", ""טיפול שורש""]"
939,500655545,appointmentsDentist,040910850,"[""יישור שיניים"", ""ניקוי"", ""טיפול שורש"", ""עקירה""]"
940,151368594,appointmentsDentist,781218030,"[""ניקוי"", ""שיננית"", ""טיפול שורש"", ""עקירה""]"
941,273478449,appointmentsDentist,585209142,"[""יישור שיניים"", ""עקירה"", ""ניקוי"", ""טיפול שורש""]"
942,672719556,appointmentsHairDresser,848519781,"[""צבע"", ""גוונים"", ""תספורת"", ""החלקה""]"
943,381833875,appointmentsHairDresser,277894686,"[""צבע"", ""תספורת"", ""גוונים"", ""החלקה""]"
944,453497051,appointmentsHairDresser,087458946,"[""החלקה"", ""תספורת"", ""פן"", ""גוונים""]"
945,657210162,appointmentsDentist,493121602,"[""שיננית"", ""טיפול שורש"", ""ניקוי"", ""עקירה""]"
946,173275665,appointmentsDentist,528822171,"[""שיננית"", ""ניקוי"", ""עקירה"", ""יישור שיניים""]"
947,100229800,appointmentsDentist,863966014,"[""ניקוי"", ""טיפול שורש"", ""עקירה"", ""שיננית""]"
948,913383534,appointmentsHairDresser,885126211,"[""פן"", ""גוונים"", ""תספורת"", ""צבע""]"
949,402968085,appointmentsDentist,317173284,"[""שיננית"", ""עקירה"", ""יישור שיניים"", ""טיפול שורש""]"
950,626392700,appointmentsDentist,952484274,"[""טיפול שורש"", ""יישור שיניים"", ""שיננית"", ""עקירה""]"
951,928134764,appointmentsHairDresser,277894686,"[""צבע"", ""תספורת"", ""גוונים"", ""החלקה""]"
952,944185913,appointmentsDentist,229971094,"[""יישור שיניים"", ""ניקוי"", ""עקירה"", ""טיפול שורש""]"
953,824722032,appointmentsHairDresser,121806052,"[""פן"", ""צבע"", ""תספורת"", ""גוונים""]"
954,008194197,appointmentsDentist,493121602,"[""שיננית"", ""טיפול שורש"", ""ניקוי"", ""עקירה""]"
955,326031543,appointmentsDentist,024897126,"[""טיפול שורש"", ""עקירה"", ""ניקוי"", ""יישור שיניים""]"
956,867651239,appointmentsHairDresser,678936616,"[""החלקה"", ""תספורת"", ""פן"", ""צבע""]"
957,961836756,appointmentsDentist,187206917,"[""ניקוי"", ""שיננית"", ""טיפול שורש"", ""עקירה""]"
958,677776137,appointmentsDentist,317173284,"[""שיננית"", ""עקירה"", ""יישור שיניים"", ""טיפול שורש""]"
959,794508129,appointmentsDentist,710906231,"[""יישור שיניים"", ""טיפול שורש"", ""שיננית"", ""ניקוי""]"
960,933079674,appointmentsDentist,952484274,"[""טיפול שורש"", ""יישור שיניים"", ""שיננית"", ""עקירה""]"
961,013637605,appointmentsDentist,795376926,"[""טיפול שורש"", ""עקירה"", ""שיננית"", ""יישור שיניים""]"
962,182620984,appointmentsHairDresser,402968085,"[""פן"", ""תספורת"", ""צבע"", ""גוונים""]"
963,043084101,appointmentsHairDresser,510313897,"[""תספורת"", ""פן"", ""גוונים"", ""החלקה""]"
964,159169179,appointmentsDentist,310950424,"[""ניקוי"", ""עקירה"", ""יישור שיניים"", ""טיפול שורש""]"
965,740872313,appointmentsDentist,002675952,"[""טיפול שורש"", ""יישור שיניים"", ""ניקוי"", ""עקירה""]"
966,854922505,appointmentsHairDresser,406660923,"[""גוונים"", ""תספורת"", ""צבע"", ""פן""]"
967,616349689,appointmentsHairDresser,402968085,"[""פן"", ""תספורת"", ""צבע"", ""גוונים""]"
968,383861881,appointmentsHairDresser,770057641,"[""פן"", ""החלקה"", ""גוונים"", ""צבע""]"
969,583314118,appointmentsHairDresser,087458946,"[""החלקה"", ""תספורת"", ""פן"", ""גוונים""]"
970,261837029,appointmentsHairDresser,291438832,"[""החלקה"", ""גוונים"", ""צבע"", ""פן""]"
971,325622412,appointmentsDentist,960766683,"[""ניקוי"", ""טיפול שורש"", ""יישור שיניים"", ""עקירה""]"
972,534258745,appointmentsHairDresser,278702509,"[""החלקה"", ""תספורת"", ""פן"", ""גוונים""]"
973,885126211,appointmentsDentist,423866375,"[""עקירה"", ""שיננית"", ""ניקוי"", ""יישור שיניים""]"
974,720449741,appointmentsHairDresser,628893174,"[""החלקה"", ""תספורת"", ""פן"", ""צבע""]"
975,524235995,appointmentsDentist,445092317,"[""טיפול שורש"", ""עקירה"", ""שיננית"", ""ניקוי""]"
976,890969724,appointmentsHairDresser,338076575,"[""צבע"", ""תספורת"", ""פן"", ""גוונים""]"
977,551215316,appointmentsDentist,650304743,"[""טיפול שורש"", ""ניקוי"", ""יישור שיניים"", ""עקירה""]"
978,490493532,appointmentsHairDresser,678936616,"[""החלקה"", ""תספורת"", ""פן"", ""צבע""]"
979,609366509,appointmentsDentist,940754796,"[""יישור שיניים"", ""שיננית"", ""טיפול שורש"", ""עקירה""]"
980,326031543,appointmentsDentist,423866375,"[""עקירה"", ""שיננית"", ""ניקוי"", ""יישור שיניים""]"
981,550283599,appointmentsDentist,505110252,"[""שיננית"", ""יישור שיניים"", ""טיפול שורש"", ""ניקוי""]"
982,611371999,appointmentsDentist,925676383,"[""ניקוי"", ""עקירה"", ""שיננית"", ""טיפול שורש""]"
983,431601280,appointmentsHairDresser,681378872,"[""פן"", ""החלקה"", ""צבע"", ""גוונים""]"
984,597060428,appointmentsDentist,341301511,"[""טיפול שורש"", ""עקירה"", ""שיננית"", ""יישור שיניים""]"
985,616314141,appointmentsHairDresser,549963652,"[""החלקה"", ""גוונים"", ""צבע"", ""תספורת""]"
986,609366509,appointmentsDentist,933148334,"[""ניקוי"", ""שיננית"", ""טיפול שורש"", ""עקירה""]"
987,894017438,appointmentsHairDresser,980783596,"[""פן"", ""גוונים"", ""החלקה"", ""תספורת""]"
988,180017380,appointmentsDentist,361017902,"[""יישור שיניים"", ""טיפול שורש"", ""עקירה"", ""ניקוי""]"
989,991561756,appointmentsDentist,144600433,"[""יישור שיניים"", ""ניקוי"", ""שיננית"", ""עקירה""]"
990,739046914,appointmentsHairDresser,966042854,"[""תספורת"", ""פן"", ""גוונים"", ""צבע""]"
991,940754796,appointmentsHairDresser,440077642,"[""החלקה"", ""פן"", ""גוונים"", ""צבע""]"
992,535879197,appointmentsHairDresser,279292347,"[""גוונים"", ""תספורת"", ""החלקה"", ""צבע""]"
993,800308426,appointmentsDentist,708668747,"[""טיפול שורש"", ""יישור שיניים"", ""ניקוי"", ""עקירה""]"
994,199430601,appointmentsHairDresser,201737043,"[""צבע"", ""פן"", ""החלקה"", ""תספורת""]"
995,913383534,appointmentsDentist,781218030,"[""ניקוי"", ""שיננית"", ""טיפול שורש"", ""עקירה""]"
996,502953170,appointmentsHairDresser,704023361,"[""פן"", ""החלקה"", ""גוונים"", ""צבע""]"
997,558329919,appointmentsDentist,066775658,"[""טיפול שורש"", ""יישור שיניים"", ""עקירה"", ""שיננית""]"
998,984638008,appointmentsHairDresser,203895641,"[""פן"", ""תספורת"", ""גוונים"", ""החלקה""]"
999,464406990,appointmentsDentist,419271646,"[""טיפול שורש"", ""ניקוי"", ""עקירה"", ""שיננית""]"
1000,421942009,appointmentsHairDresser,957538494,"[""צבע"", ""פן"", ""גוונים"", ""תספורת""]"
