choreIdOfSender,choreIdOfReceiver,status
993,686,denyed
437,965,denyed
636,738,cancelled
990,142,cancelled
167,403,replaced
670,718,requested
815,286,cancelled
918,318,requested
298,948,requested
472,545,requested
96,415,replaced
141,100,denyed
74,327,requested
624,108,replaced
358,552,replaced
246,929,cancelled
444,393,cancelled
268,613,replaced
81,736,requested
774,409,requested
720,347,replaced
645,461,replaced
18,329,cancelled
809,39,replaced
294,129,replaced
771,326,cancelled
885,615,requested
159,975,requested
928,300,requested
154,793,cancelled
76,950,replaced
119,615,replaced
965,676,replaced
66,914,requested
362,31,cancelled
918,816,requested
637,67,requested
904,866,cancelled
107,77,cancelled
213,650,denyed
526,783,denyed
597,678,requested
767,633,denyed
124,619,requested
778,273,denyed
145,137,replaced
49,388,denyed
514,288,denyed
59,263,replaced
824,893,denyed
824,349,replaced
458,669,cancelled
810,353,denyed
666,379,replaced
138,558,replaced
810,88,replaced
337,316,requested
404,453,denyed
673,764,denyed
715,804,cancelled
505,716,cancelled
743,756,requested
110,646,denyed
770,538,denyed
994,746,cancelled
755,88,requested
671,657,requested
378,590,cancelled
557,347,cancelled
60,324,requested
536,392,requested
549,831,requested
74,160,cancelled
949,496,replaced
395,347,cancelled
162,745,replaced
140,522,requested
928,471,denyed
109,683,cancelled
152,441,replaced
869,905,replaced
96,693,cancelled
737,586,cancelled
885,597,requested
287,139,replaced
938,175,cancelled
255,256,cancelled
105,269,replaced
765,496,cancelled
537,840,denyed
828,599,requested
651,363,denyed
845,50,cancelled
620,314,requested
996,451,replaced
383,763,replaced
131,77,requested
358,183,cancelled
898,145,requested
49,455,replaced
362,994,cancelled
784,2,denyed
153,433,cancelled
552,503,cancelled
124,591,denyed
419,92,requested
780,545,replaced
282,91,replaced
755,848,requested
868,393,denyed
105,901,cancelled
709,179,cancelled
928,511,requested
433,448,denyed
107,438,cancelled
738,125,replaced
559,275,replaced
824,864,denyed
510,323,cancelled
186,549,requested
614,67,cancelled
903,315,replaced
651,578,cancelled
518,158,cancelled
828,31,cancelled
715,803,denyed
962,560,denyed
430,329,cancelled
210,144,requested
751,686,requested
346,140,requested
535,488,requested
430,112,cancelled
666,18,requested
645,930,replaced
585,256,replaced
244,784,cancelled
495,528,replaced
427,29,replaced
737,833,requested
73,88,cancelled
498,401,requested
434,373,requested
255,427,requested
529,545,denyed
534,303,denyed
701,772,requested
650,447,cancelled
253,251,cancelled
711,94,cancelled
653,508,cancelled
898,51,requested
625,763,cancelled
685,654,denyed
721,779,replaced
28,17,requested
632,696,requested
904,155,requested
752,428,requested
54,346,denyed
783,239,denyed
136,88,replaced
988,950,cancelled
540,268,denyed
529,323,cancelled
228,135,requested
613,459,cancelled
444,673,requested
962,818,requested
680,291,requested
153,573,replaced
695,846,denyed
616,161,replaced
994,278,denyed
96,318,replaced
974,676,denyed
289,471,requested
322,624,cancelled
243,69,replaced
695,956,denyed
210,979,requested
544,147,requested
785,781,cancelled
304,77,denyed
564,904,requested
309,599,requested
743,376,requested
482,503,denyed
705,239,replaced
352,499,requested
1,269,cancelled
341,349,requested
712,779,cancelled
656,44,requested
736,332,denyed
104,686,requested
392,993,replaced
277,358,denyed
357,392,requested
381,708,requested
817,984,denyed
18,188,replaced
502,745,cancelled
331,822,cancelled
697,784,cancelled
743,597,denyed
980,306,replaced
782,427,denyed
163,158,cancelled
806,831,cancelled
706,789,replaced
678,364,replaced
705,942,cancelled
100,771,requested
783,288,denyed
709,175,requested
43,506,denyed
378,193,denyed
131,473,cancelled
331,847,cancelled
991,785,replaced
737,143,requested
535,288,cancelled
402,70,cancelled
481,657,cancelled
216,342,replaced
527,948,denyed
794,353,denyed
95,425,cancelled
109,739,requested
74,197,denyed
103,721,replaced
738,606,replaced
721,106,replaced
578,10,replaced
835,929,replaced
409,718,requested
9,329,denyed
550,676,cancelled
623,870,cancelled
785,739,denyed
782,500,cancelled
38,984,denyed
961,43,replaced
499,930,requested
348,708,denyed
5,654,denyed
110,499,cancelled
228,451,requested
912,811,cancelled
737,295,cancelled
304,956,replaced
39,414,requested
828,553,cancelled
673,18,denyed
559,993,denyed
366,929,requested
138,97,requested
737,414,denyed
298,849,replaced
642,248,denyed
612,615,cancelled
146,983,cancelled
326,542,cancelled
119,842,replaced
774,606,replaced
363,560,cancelled
788,154,denyed
152,250,denyed
865,932,denyed
100,846,requested
22,770,replaced
204,101,replaced
99,683,denyed
751,295,requested
624,123,requested
778,836,replaced
590,488,requested
514,45,cancelled
801,780,denyed
325,305,denyed
788,332,replaced
419,965,cancelled
610,288,denyed
96,646,cancelled
752,789,cancelled
212,453,requested
287,427,replaced
337,806,cancelled
414,775,requested
771,142,replaced
298,698,requested
505,11,requested
806,275,denyed
87,613,replaced
510,836,denyed
238,19,cancelled
672,693,denyed
849,63,requested
919,307,requested
886,681,cancelled
93,299,requested
346,683,replaced
42,364,requested
782,268,requested
669,56,replaced
537,816,cancelled
81,76,denyed
99,803,replaced
618,780,requested
521,710,replaced
680,753,replaced
684,403,cancelled
131,851,requested
267,455,cancelled
658,746,denyed
174,790,cancelled
769,75,cancelled
913,215,requested
671,82,requested
868,737,replaced
650,596,cancelled
454,208,replaced
150,939,requested
499,642,cancelled
427,740,cancelled
212,273,denyed
333,86,replaced
526,266,requested
537,930,denyed
159,815,denyed
824,525,cancelled
701,686,denyed
675,693,cancelled
828,295,denyed
232,951,denyed
645,886,denyed
214,373,cancelled
96,250,cancelled
111,334,cancelled
432,886,denyed
413,151,requested
287,2,replaced
664,860,replaced
992,905,replaced
498,724,replaced
743,799,requested
449,955,cancelled
387,724,replaced
614,205,denyed
884,183,cancelled
270,762,cancelled
551,63,replaced
400,816,replaced
74,445,denyed
370,850,replaced
78,686,requested
325,692,requested
912,806,cancelled
3,786,denyed
246,447,denyed
413,348,replaced
13,329,replaced
817,850,cancelled
346,323,denyed
308,831,requested
729,683,replaced
423,552,denyed
938,69,cancelled
722,349,cancelled
832,587,cancelled
186,288,replaced
238,105,replaced
961,799,cancelled
321,353,denyed
845,483,denyed
272,659,denyed
416,775,replaced
423,295,requested
861,473,replaced
612,371,denyed
328,746,denyed
798,724,requested
398,420,denyed
664,739,cancelled
761,455,denyed
771,273,replaced
559,624,cancelled
898,483,requested
111,112,cancelled
298,23,cancelled
18,424,requested
841,185,requested
440,642,requested
835,549,requested
869,339,requested
184,886,requested
287,141,replaced
528,712,replaced
886,768,replaced
258,799,cancelled
28,780,cancelled
416,434,replaced
865,234,denyed
514,447,denyed
303,187,requested
391,78,denyed
553,415,cancelled
96,669,cancelled
620,401,replaced
59,527,cancelled
53,867,replaced
697,239,cancelled
460,997,cancelled
484,596,replaced
706,233,cancelled
988,617,cancelled
283,707,replaced
546,193,requested
168,827,requested
408,850,replaced
28,440,requested
738,760,requested
752,135,cancelled
518,44,denyed
299,278,replaced
788,893,replaced
96,885,replaced
452,255,cancelled
521,681,requested
590,65,cancelled
994,307,requested
738,143,replaced
419,991,cancelled
964,105,requested
752,417,denyed
93,434,replaced
744,597,requested
632,65,requested
163,773,requested
254,829,denyed
1,409,cancelled
378,833,cancelled
322,326,replaced
499,553,requested
670,111,requested
331,804,requested
803,905,denyed
409,696,denyed
362,475,denyed
505,145,replaced
582,764,cancelled
546,94,requested
913,832,cancelled
53,827,denyed
743,999,requested
232,942,denyed
73,496,cancelled
711,606,denyed
136,905,requested
9,864,cancelled
370,270,cancelled
707,790,cancelled
414,683,requested
918,147,requested
849,448,requested
28,693,requested
243,82,denyed
168,105,denyed
596,781,cancelled
253,160,cancelled
231,485,replaced
812,295,cancelled
723,591,requested
826,145,requested
468,710,requested
759,155,denyed
692,646,cancelled
150,185,requested
996,511,cancelled
962,975,cancelled
649,96,cancelled
841,125,denyed
212,780,denyed
529,429,requested
613,255,requested
656,269,replaced
258,523,denyed
749,60,cancelled
603,155,replaced
16,848,cancelled
589,947,cancelled
828,278,cancelled
835,245,replaced
625,667,replaced
362,708,cancelled
817,932,denyed
715,756,denyed
685,803,replaced
68,737,requested
505,508,requested
645,393,cancelled
105,760,denyed
551,746,replaced
253,4,cancelled
752,613,requested
650,256,requested
304,599,cancelled
762,284,replaced
277,920,requested
701,363,cancelled
691,168,requested
685,427,denyed
624,303,denyed
828,552,replaced
254,67,requested
971,615,requested
326,679,cancelled
605,102,replaced
416,105,replaced
507,155,requested
249,706,replaced
341,17,requested
440,415,denyed
413,5,denyed
95,367,replaced
928,919,replaced
990,197,cancelled
305,499,cancelled
653,867,denyed
915,781,replaced
976,598,cancelled
416,286,requested
521,866,cancelled
912,862,cancelled
537,293,requested
722,211,replaced
962,789,requested
785,737,cancelled
36,48,denyed
595,764,requested
498,31,cancelled
44,363,requested
370,957,requested
185,79,cancelled
447,831,cancelled
963,6,denyed
770,415,cancelled
636,920,cancelled
392,188,requested
778,280,replaced
524,930,denyed
383,867,cancelled
331,123,denyed
109,233,cancelled
423,515,cancelled
763,112,cancelled
972,908,requested
313,324,replaced
666,6,cancelled
612,11,requested
759,125,denyed
574,11,requested
826,379,requested
349,779,cancelled
269,327,replaced
292,45,replaced
502,90,replaced
947,813,denyed
642,565,cancelled
752,485,requested
304,240,replaced
821,886,requested
518,529,denyed
499,840,cancelled
983,161,requested
830,9,cancelled
279,646,replaced
333,599,replaced
705,338,denyed
677,146,replaced
548,255,replaced
983,984,replaced
522,31,denyed
739,399,cancelled
771,347,requested
866,795,replaced
85,771,denyed
68,305,requested
192,139,replaced
210,667,cancelled
620,770,requested
231,807,requested
720,43,replaced
159,962,requested
137,672,requested
331,54,cancelled
775,932,requested
452,278,replaced
426,744,denyed
437,310,cancelled
967,860,cancelled
99,739,requested
762,789,replaced
622,29,replaced
712,155,replaced
505,553,cancelled
54,550,requested
409,245,replaced
774,424,replaced
564,738,cancelled
769,259,replaced
632,848,cancelled
821,106,cancelled
77,26,cancelled
326,168,requested
472,112,cancelled
507,473,requested
507,815,cancelled
993,718,requested
961,914,denyed
915,541,denyed
168,633,denyed
988,350,denyed
387,562,cancelled
927,92,replaced
39,304,requested
138,804,denyed
143,51,cancelled
641,783,requested
285,10,requested
673,951,replaced
44,671,cancelled
715,683,denyed
775,293,requested
784,127,denyed
724,615,replaced
712,300,replaced
739,163,cancelled
238,983,cancelled
428,186,denyed
725,989,requested
298,214,denyed
537,586,denyed
413,76,replaced
110,561,replaced
560,244,replaced
144,139,denyed
167,810,replaced
96,975,replaced
305,545,denyed
499,302,denyed
398,266,replaced
641,692,denyed
743,968,denyed
162,376,replaced
328,232,replaced
779,155,cancelled
812,957,replaced
413,434,requested
845,405,denyed
725,256,cancelled
39,485,replaced
413,299,requested
115,353,requested
767,255,denyed
216,329,requested
803,11,replaced
762,939,requested
285,975,requested
449,973,cancelled
231,155,requested
119,561,requested
76,302,requested
677,681,denyed
537,60,cancelled
239,120,denyed
645,324,denyed
729,293,denyed
514,349,denyed
717,768,requested
983,106,denyed
772,713,requested
651,245,requested
378,108,replaced
81,37,denyed
859,530,denyed
941,247,cancelled
671,51,requested
216,848,replaced
370,646,cancelled
535,18,denyed
692,993,replaced
308,542,denyed
357,671,denyed
331,69,replaced
395,771,replaced
105,65,denyed
866,417,cancelled
78,315,requested
416,652,cancelled
16,619,denyed
792,205,replaced
707,650,cancelled
537,886,replaced
954,211,replaced
701,116,replaced
111,708,replaced
54,836,cancelled
13,698,denyed
484,43,cancelled
809,263,requested
557,469,requested
430,790,replaced
849,425,requested
903,536,replaced
317,781,cancelled
782,864,replaced
91,96,cancelled
735,329,cancelled
413,193,cancelled
430,158,denyed
839,51,replaced
775,440,cancelled
402,248,requested
771,860,requested
715,807,denyed
574,499,requested
869,263,replaced
721,527,requested
56,315,replaced
87,455,cancelled
315,943,cancelled
47,269,cancelled
482,161,cancelled
313,562,denyed
941,702,denyed
272,575,denyed
848,773,replaced
861,561,cancelled
192,679,cancelled
244,850,replaced
447,846,cancelled
805,350,replaced
274,483,cancelled
886,737,cancelled
425,550,cancelled
873,168,cancelled
30,948,requested
990,415,cancelled
526,999,denyed
666,37,denyed
801,779,requested
525,621,denyed
904,678,cancelled
446,686,denyed
863,525,cancelled
1,104,requested
495,578,cancelled
262,169,cancelled
915,806,denyed
69,105,requested
391,500,requested
249,622,cancelled
289,299,denyed
780,50,replaced
301,750,cancelled
929,250,denyed
809,85,replaced
749,420,cancelled
722,678,cancelled
64,215,cancelled
321,160,requested
705,247,denyed
243,850,replaced
138,816,replaced
691,309,replaced
298,426,requested
309,82,denyed
74,536,denyed
767,406,denyed
96,43,requested
346,535,replaced
658,160,denyed
636,999,requested
928,957,requested
869,683,cancelled
95,554,requested
93,956,denyed
287,515,denyed
572,955,requested
636,208,denyed
3,708,denyed
77,379,cancelled
381,390,replaced
231,307,replaced
185,482,cancelled
391,316,requested
136,950,replaced
707,290,denyed
243,309,denyed
140,428,replaced
152,825,denyed
973,669,replaced
893,46,denyed
397,550,denyed
468,435,cancelled
495,127,denyed
440,213,requested
279,672,replaced
8,125,replaced
333,762,requested
931,718,requested
4,901,replaced
433,77,denyed
824,983,replaced
835,740,requested
17,318,cancelled
428,426,denyed
74,283,denyed
99,829,denyed
705,29,cancelled
971,523,requested
752,293,cancelled
30,453,replaced
928,110,requested
325,324,cancelled
77,398,denyed
850,17,replaced
534,750,denyed
598,154,replaced
751,775,requested
62,299,cancelled
736,259,requested
967,746,requested
884,750,cancelled
495,781,cancelled
848,399,denyed
349,6,replaced
449,273,requested
799,348,cancelled
709,633,requested
84,827,replaced
154,611,requested
972,302,cancelled
178,840,replaced
650,939,cancelled
597,771,cancelled
60,295,denyed
907,972,requested
184,565,denyed
207,286,requested
651,551,cancelled
100,185,denyed
10,975,requested
859,48,denyed
69,371,denyed
817,811,denyed
680,782,replaced
146,90,cancelled
789,811,cancelled
947,433,replaced
484,406,requested
425,18,requested
929,541,denyed
992,685,denyed
954,802,cancelled
610,63,replaced
487,829,replaced
96,46,requested
650,615,requested
279,135,cancelled
612,894,cancelled
805,932,denyed
641,483,replaced
409,842,replaced
110,441,cancelled
233,232,denyed
144,405,denyed
4,185,requested
460,723,cancelled
706,696,replaced
624,822,cancelled
828,364,replaced
692,153,replaced
239,651,denyed
752,303,replaced
903,239,replaced
846,256,cancelled
695,579,denyed
514,973,requested
214,671,cancelled
30,269,requested
292,239,denyed
917,811,denyed
721,240,denyed
711,840,cancelled
468,994,replaced
277,175,cancelled
207,737,requested
255,75,requested
302,583,requested
673,964,requested
526,667,denyed
884,919,replaced
363,893,replaced
821,763,requested
416,672,requested
962,346,requested
680,962,denyed
670,244,cancelled
305,185,cancelled
484,671,cancelled
551,776,requested
440,496,denyed
649,768,requested
253,120,replaced
723,100,denyed
978,622,replaced
669,90,requested
769,561,requested
499,536,requested
978,299,cancelled
174,431,cancelled
783,963,cancelled
548,764,requested
691,746,cancelled
585,142,denyed
163,708,replaced
898,991,requested
913,168,cancelled
846,284,replaced
439,850,requested
907,750,replaced
63,428,denyed
357,552,cancelled
605,527,replaced
779,942,denyed
967,807,requested
272,188,requested
744,965,replaced
54,683,replaced
918,597,denyed
402,17,denyed
472,188,cancelled
325,46,denyed
743,561,requested
315,373,denyed
848,869,cancelled
869,899,cancelled
928,164,cancelled
610,142,replaced
586,414,cancelled
717,91,requested
409,725,cancelled
988,565,cancelled
243,45,replaced
440,721,cancelled
578,867,requested
285,169,replaced
405,993,denyed
44,384,cancelled
430,54,denyed
87,160,cancelled
313,752,denyed
522,768,denyed
285,129,cancelled
499,943,replaced
940,708,cancelled
771,190,denyed
848,288,cancelled
290,168,requested
721,461,requested
915,485,denyed
755,621,denyed
931,724,cancelled
244,951,cancelled
447,614,replaced
965,273,denyed
314,291,denyed
907,244,requested
163,847,replaced
18,323,replaced
551,725,requested
735,447,replaced
590,441,requested
375,329,cancelled
207,836,replaced
446,637,cancelled
101,886,requested
861,295,requested
738,153,cancelled
598,410,cancelled
163,415,replaced
772,125,requested
666,500,denyed
839,831,denyed
174,992,denyed
42,82,replaced
590,339,requested
